frequencia_id,aluno_id,bimestre,faltas,data_registro
1,1,1,0,2024-03-15
2,1,2,1,2024-05-20
3,1,3,5,2024-08-25
4,1,4,6,2024-11-10
5,2,1,16,2024-03-15
6,2,2,13,2024-05-20
7,2,3,14,2024-08-25
8,2,4,15,2024-11-10
9,3,1,10,2024-03-15
10,3,2,15,2024-05-20
11,3,3,17,2024-08-25
12,3,4,14,2024-11-10
13,4,1,9,2024-03-15
14,4,2,5,2024-05-20
15,4,3,5,2024-08-25
16,4,4,5,2024-11-10
17,5,1,0,2024-03-15
18,5,2,8,2024-05-20
19,5,3,4,2024-08-25
20,5,4,4,2024-11-10
21,6,1,15,2024-03-15
22,6,2,11,2024-05-20
23,6,3,11,2024-08-25
24,6,4,15,2024-11-10
25,7,1,0,2024-03-15
26,7,2,1,2024-05-20
27,7,3,0,2024-08-25
28,7,4,0,2024-11-10
29,8,1,1,2024-03-15
30,8,2,5,2024-05-20
31,8,3,0,2024-08-25
32,8,4,0,2024-11-10
33,9,1,0,2024-03-15
34,9,2,0,2024-05-20
35,9,3,0,2024-08-25
36,9,4,2,2024-11-10
37,10,1,2,2024-03-15
38,10,2,7,2024-05-20
39,10,3,12,2024-08-25
40,10,4,3,2024-11-10
41,11,1,14,2024-03-15
42,11,2,13,2024-05-20
43,11,3,16,2024-08-25
44,11,4,15,2024-11-10
45,12,1,5,2024-03-15
46,12,2,8,2024-05-20
47,12,3,6,2024-08-25
48,12,4,8,2024-11-10
49,13,1,5,2024-03-15
50,13,2,7,2024-05-20
51,13,3,5,2024-08-25
52,13,4,10,2024-11-10
53,14,1,13,2024-03-15
54,14,2,6,2024-05-20
55,14,3,11,2024-08-25
56,14,4,6,2024-11-10
57,15,1,12,2024-03-15
58,15,2,13,2024-05-20
59,15,3,13,2024-08-25
60,15,4,17,2024-11-10
61,16,1,12,2024-03-15
62,16,2,11,2024-05-20
63,16,3,9,2024-08-25
64,16,4,10,2024-11-10
65,17,1,12,2024-03-15
66,17,2,8,2024-05-20
67,17,3,13,2024-08-25
68,17,4,13,2024-11-10
69,18,1,5,2024-03-15
70,18,2,0,2024-05-20
71,18,3,5,2024-08-25
72,18,4,4,2024-11-10
73,19,1,11,2024-03-15
74,19,2,4,2024-05-20
75,19,3,7,2024-08-25
76,19,4,5,2024-11-10
77,20,1,8,2024-03-15
78,20,2,10,2024-05-20
79,20,3,13,2024-08-25
80,20,4,13,2024-11-10
81,21,1,3,2024-03-15
82,21,2,0,2024-05-20
83,21,3,6,2024-08-25
84,21,4,0,2024-11-10
85,22,1,8,2024-03-15
86,22,2,10,2024-05-20
87,22,3,7,2024-08-25
88,22,4,14,2024-11-10
89,23,1,10,2024-03-15
90,23,2,11,2024-05-20
91,23,3,13,2024-08-25
92,23,4,16,2024-11-10
93,24,1,10,2024-03-15
94,24,2,10,2024-05-20
95,24,3,11,2024-08-25
96,24,4,11,2024-11-10
97,25,1,6,2024-03-15
98,25,2,4,2024-05-20
99,25,3,0,2024-08-25
100,25,4,7,2024-11-10
101,26,1,3,2024-03-15
102,26,2,3,2024-05-20
103,26,3,2,2024-08-25
104,26,4,5,2024-11-10
105,27,1,8,2024-03-15
106,27,2,8,2024-05-20
107,27,3,6,2024-08-25
108,27,4,4,2024-11-10
109,28,1,15,2024-03-15
110,28,2,17,2024-05-20
111,28,3,12,2024-08-25
112,28,4,14,2024-11-10
113,29,1,3,2024-03-15
114,29,2,0,2024-05-20
115,29,3,9,2024-08-25
116,29,4,0,2024-11-10
117,30,1,7,2024-03-15
118,30,2,8,2024-05-20
119,30,3,6,2024-08-25
120,30,4,7,2024-11-10
121,31,1,17,2024-03-15
122,31,2,10,2024-05-20
123,31,3,12,2024-08-25
124,31,4,8,2024-11-10
125,32,1,4,2024-03-15
126,32,2,0,2024-05-20
127,32,3,0,2024-08-25
128,32,4,0,2024-11-10
129,33,1,10,2024-03-15
130,33,2,7,2024-05-20
131,33,3,11,2024-08-25
132,33,4,11,2024-11-10
133,34,1,6,2024-03-15
134,34,2,1,2024-05-20
135,34,3,3,2024-08-25
136,34,4,3,2024-11-10
137,35,1,5,2024-03-15
138,35,2,1,2024-05-20
139,35,3,1,2024-08-25
140,35,4,2,2024-11-10
141,36,1,15,2024-03-15
142,36,2,18,2024-05-20
143,36,3,19,2024-08-25
144,36,4,16,2024-11-10
145,37,1,11,2024-03-15
146,37,2,15,2024-05-20
147,37,3,12,2024-08-25
148,37,4,7,2024-11-10
149,38,1,1,2024-03-15
150,38,2,0,2024-05-20
151,38,3,2,2024-08-25
152,38,4,2,2024-11-10
153,39,1,5,2024-03-15
154,39,2,7,2024-05-20
155,39,3,12,2024-08-25
156,39,4,4,2024-11-10
157,40,1,11,2024-03-15
158,40,2,3,2024-05-20
159,40,3,7,2024-08-25
160,40,4,8,2024-11-10
161,41,1,1,2024-03-15
162,41,2,6,2024-05-20
163,41,3,1,2024-08-25
164,41,4,7,2024-11-10
165,42,1,8,2024-03-15
166,42,2,10,2024-05-20
167,42,3,7,2024-08-25
168,42,4,8,2024-11-10
169,43,1,19,2024-03-15
170,43,2,15,2024-05-20
171,43,3,17,2024-08-25
172,43,4,12,2024-11-10
173,44,1,12,2024-03-15
174,44,2,6,2024-05-20
175,44,3,7,2024-08-25
176,44,4,7,2024-11-10
177,45,1,12,2024-03-15
178,45,2,12,2024-05-20
179,45,3,14,2024-08-25
180,45,4,8,2024-11-10
181,46,1,1,2024-03-15
182,46,2,3,2024-05-20
183,46,3,2,2024-08-25
184,46,4,7,2024-11-10
185,47,1,16,2024-03-15
186,47,2,12,2024-05-20
187,47,3,17,2024-08-25
188,47,4,13,2024-11-10
189,48,1,7,2024-03-15
190,48,2,0,2024-05-20
191,48,3,4,2024-08-25
192,48,4,0,2024-11-10
193,49,1,14,2024-03-15
194,49,2,16,2024-05-20
195,49,3,15,2024-08-25
196,49,4,14,2024-11-10
197,50,1,4,2024-03-15
198,50,2,6,2024-05-20
199,50,3,7,2024-08-25
200,50,4,9,2024-11-10
201,51,1,3,2024-03-15
202,51,2,9,2024-05-20
203,51,3,3,2024-08-25
204,51,4,9,2024-11-10
205,52,1,4,2024-03-15
206,52,2,5,2024-05-20
207,52,3,5,2024-08-25
208,52,4,0,2024-11-10
209,53,1,0,2024-03-15
210,53,2,6,2024-05-20
211,53,3,6,2024-08-25
212,53,4,5,2024-11-10
213,54,1,6,2024-03-15
214,54,2,6,2024-05-20
215,54,3,7,2024-08-25
216,54,4,6,2024-11-10
217,55,1,16,2024-03-15
218,55,2,14,2024-05-20
219,55,3,15,2024-08-25
220,55,4,15,2024-11-10
221,56,1,9,2024-03-15
222,56,2,15,2024-05-20
223,56,3,8,2024-08-25
224,56,4,3,2024-11-10
225,57,1,0,2024-03-15
226,57,2,7,2024-05-20
227,57,3,7,2024-08-25
228,57,4,5,2024-11-10
229,58,1,11,2024-03-15
230,58,2,4,2024-05-20
231,58,3,7,2024-08-25
232,58,4,11,2024-11-10
233,59,1,2,2024-03-15
234,59,2,3,2024-05-20
235,59,3,1,2024-08-25
236,59,4,0,2024-11-10
237,60,1,20,2024-03-15
238,60,2,19,2024-05-20
239,60,3,10,2024-08-25
240,60,4,12,2024-11-10
241,61,1,0,2024-03-15
242,61,2,11,2024-05-20
243,61,3,4,2024-08-25
244,61,4,3,2024-11-10
245,62,1,4,2024-03-15
246,62,2,6,2024-05-20
247,62,3,9,2024-08-25
248,62,4,7,2024-11-10
249,63,1,8,2024-03-15
250,63,2,1,2024-05-20
251,63,3,3,2024-08-25
252,63,4,5,2024-11-10
253,64,1,5,2024-03-15
254,64,2,5,2024-05-20
255,64,3,10,2024-08-25
256,64,4,1,2024-11-10
257,65,1,8,2024-03-15
258,65,2,9,2024-05-20
259,65,3,8,2024-08-25
260,65,4,4,2024-11-10
261,66,1,3,2024-03-15
262,66,2,20,2024-05-20
263,66,3,7,2024-08-25
264,66,4,10,2024-11-10
265,67,1,4,2024-03-15
266,67,2,9,2024-05-20
267,67,3,5,2024-08-25
268,67,4,6,2024-11-10
269,68,1,0,2024-03-15
270,68,2,5,2024-05-20
271,68,3,1,2024-08-25
272,68,4,5,2024-11-10
273,69,1,0,2024-03-15
274,69,2,1,2024-05-20
275,69,3,3,2024-08-25
276,69,4,0,2024-11-10
277,70,1,0,2024-03-15
278,70,2,0,2024-05-20
279,70,3,0,2024-08-25
280,70,4,1,2024-11-10
281,71,1,4,2024-03-15
282,71,2,4,2024-05-20
283,71,3,8,2024-08-25
284,71,4,2,2024-11-10
285,72,1,17,2024-03-15
286,72,2,11,2024-05-20
287,72,3,12,2024-08-25
288,72,4,14,2024-11-10
289,73,1,10,2024-03-15
290,73,2,10,2024-05-20
291,73,3,8,2024-08-25
292,73,4,14,2024-11-10
293,74,1,2,2024-03-15
294,74,2,1,2024-05-20
295,74,3,9,2024-08-25
296,74,4,0,2024-11-10
297,75,1,7,2024-03-15
298,75,2,9,2024-05-20
299,75,3,14,2024-08-25
300,75,4,7,2024-11-10
301,76,1,14,2024-03-15
302,76,2,8,2024-05-20
303,76,3,14,2024-08-25
304,76,4,10,2024-11-10
305,77,1,14,2024-03-15
306,77,2,16,2024-05-20
307,77,3,9,2024-08-25
308,77,4,10,2024-11-10
309,78,1,12,2024-03-15
310,78,2,10,2024-05-20
311,78,3,6,2024-08-25
312,78,4,14,2024-11-10
313,79,1,2,2024-03-15
314,79,2,3,2024-05-20
315,79,3,3,2024-08-25
316,79,4,1,2024-11-10
317,80,1,13,2024-03-15
318,80,2,4,2024-05-20
319,80,3,1,2024-08-25
320,80,4,5,2024-11-10
321,81,1,1,2024-03-15
322,81,2,6,2024-05-20
323,81,3,6,2024-08-25
324,81,4,8,2024-11-10
325,82,1,8,2024-03-15
326,82,2,12,2024-05-20
327,82,3,14,2024-08-25
328,82,4,13,2024-11-10
329,83,1,5,2024-03-15
330,83,2,12,2024-05-20
331,83,3,10,2024-08-25
332,83,4,8,2024-11-10
333,84,1,2,2024-03-15
334,84,2,9,2024-05-20
335,84,3,7,2024-08-25
336,84,4,4,2024-11-10
337,85,1,10,2024-03-15
338,85,2,11,2024-05-20
339,85,3,11,2024-08-25
340,85,4,9,2024-11-10
341,86,1,3,2024-03-15
342,86,2,9,2024-05-20
343,86,3,10,2024-08-25
344,86,4,0,2024-11-10
345,87,1,15,2024-03-15
346,87,2,11,2024-05-20
347,87,3,11,2024-08-25
348,87,4,18,2024-11-10
349,88,1,1,2024-03-15
350,88,2,1,2024-05-20
351,88,3,0,2024-08-25
352,88,4,0,2024-11-10
353,89,1,4,2024-03-15
354,89,2,9,2024-05-20
355,89,3,2,2024-08-25
356,89,4,0,2024-11-10
357,90,1,3,2024-03-15
358,90,2,6,2024-05-20
359,90,3,4,2024-08-25
360,90,4,9,2024-11-10
361,91,1,14,2024-03-15
362,91,2,11,2024-05-20
363,91,3,8,2024-08-25
364,91,4,13,2024-11-10
365,92,1,9,2024-03-15
366,92,2,14,2024-05-20
367,92,3,17,2024-08-25
368,92,4,17,2024-11-10
369,93,1,8,2024-03-15
370,93,2,6,2024-05-20
371,93,3,4,2024-08-25
372,93,4,3,2024-11-10
373,94,1,7,2024-03-15
374,94,2,4,2024-05-20
375,94,3,5,2024-08-25
376,94,4,3,2024-11-10
377,95,1,13,2024-03-15
378,95,2,17,2024-05-20
379,95,3,10,2024-08-25
380,95,4,12,2024-11-10
381,96,1,4,2024-03-15
382,96,2,3,2024-05-20
383,96,3,9,2024-08-25
384,96,4,8,2024-11-10
385,97,1,3,2024-03-15
386,97,2,0,2024-05-20
387,97,3,1,2024-08-25
388,97,4,3,2024-11-10
389,98,1,5,2024-03-15
390,98,2,13,2024-05-20
391,98,3,12,2024-08-25
392,98,4,11,2024-11-10
393,99,1,20,2024-03-15
394,99,2,12,2024-05-20
395,99,3,12,2024-08-25
396,99,4,9,2024-11-10
397,100,1,4,2024-03-15
398,100,2,4,2024-05-20
399,100,3,4,2024-08-25
400,100,4,6,2024-11-10
401,101,1,9,2024-03-15
402,101,2,12,2024-05-20
403,101,3,14,2024-08-25
404,101,4,12,2024-11-10
405,102,1,9,2024-03-15
406,102,2,7,2024-05-20
407,102,3,0,2024-08-25
408,102,4,11,2024-11-10
409,103,1,10,2024-03-15
410,103,2,15,2024-05-20
411,103,3,15,2024-08-25
412,103,4,13,2024-11-10
413,104,1,15,2024-03-15
414,104,2,15,2024-05-20
415,104,3,10,2024-08-25
416,104,4,8,2024-11-10
417,105,1,2,2024-03-15
418,105,2,2,2024-05-20
419,105,3,0,2024-08-25
420,105,4,3,2024-11-10
421,106,1,1,2024-03-15
422,106,2,0,2024-05-20
423,106,3,1,2024-08-25
424,106,4,2,2024-11-10
425,107,1,7,2024-03-15
426,107,2,12,2024-05-20
427,107,3,4,2024-08-25
428,107,4,7,2024-11-10
429,108,1,0,2024-03-15
430,108,2,8,2024-05-20
431,108,3,5,2024-08-25
432,108,4,0,2024-11-10
433,109,1,9,2024-03-15
434,109,2,5,2024-05-20
435,109,3,4,2024-08-25
436,109,4,9,2024-11-10
437,110,1,5,2024-03-15
438,110,2,3,2024-05-20
439,110,3,0,2024-08-25
440,110,4,0,2024-11-10
441,111,1,0,2024-03-15
442,111,2,0,2024-05-20
443,111,3,0,2024-08-25
444,111,4,0,2024-11-10
445,112,1,10,2024-03-15
446,112,2,10,2024-05-20
447,112,3,13,2024-08-25
448,112,4,7,2024-11-10
449,113,1,7,2024-03-15
450,113,2,3,2024-05-20
451,113,3,9,2024-08-25
452,113,4,8,2024-11-10
453,114,1,9,2024-03-15
454,114,2,9,2024-05-20
455,114,3,9,2024-08-25
456,114,4,20,2024-11-10
457,115,1,2,2024-03-15
458,115,2,2,2024-05-20
459,115,3,0,2024-08-25
460,115,4,0,2024-11-10
461,116,1,9,2024-03-15
462,116,2,13,2024-05-20
463,116,3,7,2024-08-25
464,116,4,4,2024-11-10
465,117,1,0,2024-03-15
466,117,2,5,2024-05-20
467,117,3,0,2024-08-25
468,117,4,3,2024-11-10
469,118,1,14,2024-03-15
470,118,2,16,2024-05-20
471,118,3,14,2024-08-25
472,118,4,14,2024-11-10
473,119,1,0,2024-03-15
474,119,2,1,2024-05-20
475,119,3,3,2024-08-25
476,119,4,2,2024-11-10
477,120,1,5,2024-03-15
478,120,2,3,2024-05-20
479,120,3,4,2024-08-25
480,120,4,2,2024-11-10
481,121,1,5,2024-03-15
482,121,2,9,2024-05-20
483,121,3,4,2024-08-25
484,121,4,0,2024-11-10
485,122,1,0,2024-03-15
486,122,2,5,2024-05-20
487,122,3,0,2024-08-25
488,122,4,0,2024-11-10
489,123,1,0,2024-03-15
490,123,2,1,2024-05-20
491,123,3,2,2024-08-25
492,123,4,0,2024-11-10
493,124,1,0,2024-03-15
494,124,2,7,2024-05-20
495,124,3,2,2024-08-25
496,124,4,4,2024-11-10
497,125,1,6,2024-03-15
498,125,2,3,2024-05-20
499,125,3,7,2024-08-25
500,125,4,12,2024-11-10
501,126,1,17,2024-03-15
502,126,2,12,2024-05-20
503,126,3,12,2024-08-25
504,126,4,10,2024-11-10
505,127,1,14,2024-03-15
506,127,2,10,2024-05-20
507,127,3,9,2024-08-25
508,127,4,13,2024-11-10
509,128,1,12,2024-03-15
510,128,2,16,2024-05-20
511,128,3,11,2024-08-25
512,128,4,13,2024-11-10
513,129,1,6,2024-03-15
514,129,2,9,2024-05-20
515,129,3,11,2024-08-25
516,129,4,6,2024-11-10
517,130,1,9,2024-03-15
518,130,2,9,2024-05-20
519,130,3,9,2024-08-25
520,130,4,7,2024-11-10
521,131,1,7,2024-03-15
522,131,2,8,2024-05-20
523,131,3,10,2024-08-25
524,131,4,11,2024-11-10
525,132,1,7,2024-03-15
526,132,2,5,2024-05-20
527,132,3,9,2024-08-25
528,132,4,10,2024-11-10
529,133,1,12,2024-03-15
530,133,2,11,2024-05-20
531,133,3,15,2024-08-25
532,133,4,9,2024-11-10
533,134,1,14,2024-03-15
534,134,2,11,2024-05-20
535,134,3,14,2024-08-25
536,134,4,7,2024-11-10
537,135,1,3,2024-03-15
538,135,2,5,2024-05-20
539,135,3,4,2024-08-25
540,135,4,7,2024-11-10
541,136,1,12,2024-03-15
542,136,2,14,2024-05-20
543,136,3,15,2024-08-25
544,136,4,17,2024-11-10
545,137,1,1,2024-03-15
546,137,2,0,2024-05-20
547,137,3,1,2024-08-25
548,137,4,0,2024-11-10
549,138,1,8,2024-03-15
550,138,2,10,2024-05-20
551,138,3,14,2024-08-25
552,138,4,9,2024-11-10
553,139,1,5,2024-03-15
554,139,2,4,2024-05-20
555,139,3,3,2024-08-25
556,139,4,6,2024-11-10
557,140,1,16,2024-03-15
558,140,2,12,2024-05-20
559,140,3,13,2024-08-25
560,140,4,12,2024-11-10
561,141,1,6,2024-03-15
562,141,2,6,2024-05-20
563,141,3,0,2024-08-25
564,141,4,0,2024-11-10
565,142,1,10,2024-03-15
566,142,2,8,2024-05-20
567,142,3,9,2024-08-25
568,142,4,8,2024-11-10
569,143,1,17,2024-03-15
570,143,2,13,2024-05-20
571,143,3,16,2024-08-25
572,143,4,7,2024-11-10
573,144,1,0,2024-03-15
574,144,2,4,2024-05-20
575,144,3,0,2024-08-25
576,144,4,3,2024-11-10
577,145,1,8,2024-03-15
578,145,2,5,2024-05-20
579,145,3,6,2024-08-25
580,145,4,5,2024-11-10
581,146,1,13,2024-03-15
582,146,2,4,2024-05-20
583,146,3,1,2024-08-25
584,146,4,5,2024-11-10
585,147,1,10,2024-03-15
586,147,2,8,2024-05-20
587,147,3,9,2024-08-25
588,147,4,1,2024-11-10
589,148,1,5,2024-03-15
590,148,2,4,2024-05-20
591,148,3,6,2024-08-25
592,148,4,0,2024-11-10
593,149,1,9,2024-03-15
594,149,2,6,2024-05-20
595,149,3,8,2024-08-25
596,149,4,5,2024-11-10
597,150,1,0,2024-03-15
598,150,2,6,2024-05-20
599,150,3,1,2024-08-25
600,150,4,7,2024-11-10
601,151,1,6,2024-03-15
602,151,2,4,2024-05-20
603,151,3,2,2024-08-25
604,151,4,7,2024-11-10
605,152,1,9,2024-03-15
606,152,2,4,2024-05-20
607,152,3,3,2024-08-25
608,152,4,8,2024-11-10
609,153,1,0,2024-03-15
610,153,2,1,2024-05-20
611,153,3,2,2024-08-25
612,153,4,0,2024-11-10
613,154,1,2,2024-03-15
614,154,2,1,2024-05-20
615,154,3,10,2024-08-25
616,154,4,0,2024-11-10
617,155,1,10,2024-03-15
618,155,2,9,2024-05-20
619,155,3,8,2024-08-25
620,155,4,8,2024-11-10
621,156,1,4,2024-03-15
622,156,2,8,2024-05-20
623,156,3,15,2024-08-25
624,156,4,24,2024-11-10
625,157,1,13,2024-03-15
626,157,2,16,2024-05-20
627,157,3,11,2024-08-25
628,157,4,13,2024-11-10
629,158,1,2,2024-03-15
630,158,2,0,2024-05-20
631,158,3,1,2024-08-25
632,158,4,1,2024-11-10
633,159,1,12,2024-03-15
634,159,2,17,2024-05-20
635,159,3,12,2024-08-25
636,159,4,15,2024-11-10
637,160,1,16,2024-03-15
638,160,2,3,2024-05-20
639,160,3,12,2024-08-25
640,160,4,14,2024-11-10
641,161,1,8,2024-03-15
642,161,2,4,2024-05-20
643,161,3,2,2024-08-25
644,161,4,4,2024-11-10
645,162,1,0,2024-03-15
646,162,2,0,2024-05-20
647,162,3,0,2024-08-25
648,162,4,0,2024-11-10
649,163,1,11,2024-03-15
650,163,2,6,2024-05-20
651,163,3,11,2024-08-25
652,163,4,12,2024-11-10
653,164,1,12,2024-03-15
654,164,2,9,2024-05-20
655,164,3,3,2024-08-25
656,164,4,17,2024-11-10
657,165,1,1,2024-03-15
658,165,2,0,2024-05-20
659,165,3,0,2024-08-25
660,165,4,1,2024-11-10
661,166,1,6,2024-03-15
662,166,2,1,2024-05-20
663,166,3,4,2024-08-25
664,166,4,4,2024-11-10
665,167,1,11,2024-03-15
666,167,2,17,2024-05-20
667,167,3,12,2024-08-25
668,167,4,10,2024-11-10
669,168,1,0,2024-03-15
670,168,2,3,2024-05-20
671,168,3,2,2024-08-25
672,168,4,2,2024-11-10
673,169,1,3,2024-03-15
674,169,2,8,2024-05-20
675,169,3,7,2024-08-25
676,169,4,5,2024-11-10
677,170,1,12,2024-03-15
678,170,2,10,2024-05-20
679,170,3,4,2024-08-25
680,170,4,9,2024-11-10
681,171,1,6,2024-03-15
682,171,2,6,2024-05-20
683,171,3,11,2024-08-25
684,171,4,2,2024-11-10
685,172,1,0,2024-03-15
686,172,2,3,2024-05-20
687,172,3,4,2024-08-25
688,172,4,0,2024-11-10
689,173,1,2,2024-03-15
690,173,2,6,2024-05-20
691,173,3,6,2024-08-25
692,173,4,6,2024-11-10
693,174,1,7,2024-03-15
694,174,2,9,2024-05-20
695,174,3,9,2024-08-25
696,174,4,8,2024-11-10
697,175,1,6,2024-03-15
698,175,2,6,2024-05-20
699,175,3,4,2024-08-25
700,175,4,1,2024-11-10
701,176,1,4,2024-03-15
702,176,2,6,2024-05-20
703,176,3,12,2024-08-25
704,176,4,2,2024-11-10
705,177,1,15,2024-03-15
706,177,2,10,2024-05-20
707,177,3,7,2024-08-25
708,177,4,11,2024-11-10
709,178,1,4,2024-03-15
710,178,2,2,2024-05-20
711,178,3,3,2024-08-25
712,178,4,0,2024-11-10
713,179,1,7,2024-03-15
714,179,2,4,2024-05-20
715,179,3,13,2024-08-25
716,179,4,8,2024-11-10
717,180,1,15,2024-03-15
718,180,2,9,2024-05-20
719,180,3,10,2024-08-25
720,180,4,8,2024-11-10
721,181,1,0,2024-03-15
722,181,2,2,2024-05-20
723,181,3,4,2024-08-25
724,181,4,4,2024-11-10
725,182,1,11,2024-03-15
726,182,2,12,2024-05-20
727,182,3,14,2024-08-25
728,182,4,11,2024-11-10
729,183,1,2,2024-03-15
730,183,2,3,2024-05-20
731,183,3,5,2024-08-25
732,183,4,5,2024-11-10
733,184,1,15,2024-03-15
734,184,2,13,2024-05-20
735,184,3,9,2024-08-25
736,184,4,12,2024-11-10
737,185,1,7,2024-03-15
738,185,2,9,2024-05-20
739,185,3,5,2024-08-25
740,185,4,3,2024-11-10
741,186,1,4,2024-03-15
742,186,2,9,2024-05-20
743,186,3,6,2024-08-25
744,186,4,6,2024-11-10
745,187,1,12,2024-03-15
746,187,2,10,2024-05-20
747,187,3,12,2024-08-25
748,187,4,5,2024-11-10
749,188,1,3,2024-03-15
750,188,2,2,2024-05-20
751,188,3,6,2024-08-25
752,188,4,1,2024-11-10
753,189,1,5,2024-03-15
754,189,2,8,2024-05-20
755,189,3,9,2024-08-25
756,189,4,6,2024-11-10
757,190,1,2,2024-03-15
758,190,2,8,2024-05-20
759,190,3,5,2024-08-25
760,190,4,8,2024-11-10
761,191,1,8,2024-03-15
762,191,2,14,2024-05-20
763,191,3,11,2024-08-25
764,191,4,9,2024-11-10
765,192,1,5,2024-03-15
766,192,2,14,2024-05-20
767,192,3,7,2024-08-25
768,192,4,11,2024-11-10
769,193,1,2,2024-03-15
770,193,2,7,2024-05-20
771,193,3,1,2024-08-25
772,193,4,4,2024-11-10
773,194,1,4,2024-03-15
774,194,2,6,2024-05-20
775,194,3,0,2024-08-25
776,194,4,3,2024-11-10
777,195,1,4,2024-03-15
778,195,2,8,2024-05-20
779,195,3,3,2024-08-25
780,195,4,4,2024-11-10
781,196,1,0,2024-03-15
782,196,2,3,2024-05-20
783,196,3,4,2024-08-25
784,196,4,1,2024-11-10
785,197,1,3,2024-03-15
786,197,2,7,2024-05-20
787,197,3,6,2024-08-25
788,197,4,10,2024-11-10
789,198,1,0,2024-03-15
790,198,2,9,2024-05-20
791,198,3,7,2024-08-25
792,198,4,2,2024-11-10
793,199,1,6,2024-03-15
794,199,2,8,2024-05-20
795,199,3,6,2024-08-25
796,199,4,9,2024-11-10
797,200,1,0,2024-03-15
798,200,2,0,2024-05-20
799,200,3,0,2024-08-25
800,200,4,0,2024-11-10
801,201,1,0,2024-03-15
802,201,2,0,2024-05-20
803,201,3,5,2024-08-25
804,201,4,6,2024-11-10
805,202,1,3,2024-03-15
806,202,2,1,2024-05-20
807,202,3,0,2024-08-25
808,202,4,0,2024-11-10
809,203,1,2,2024-03-15
810,203,2,0,2024-05-20
811,203,3,0,2024-08-25
812,203,4,0,2024-11-10
813,204,1,4,2024-03-15
814,204,2,6,2024-05-20
815,204,3,5,2024-08-25
816,204,4,4,2024-11-10
817,205,1,7,2024-03-15
818,205,2,0,2024-05-20
819,205,3,2,2024-08-25
820,205,4,6,2024-11-10
821,206,1,6,2024-03-15
822,206,2,4,2024-05-20
823,206,3,4,2024-08-25
824,206,4,4,2024-11-10
825,207,1,15,2024-03-15
826,207,2,11,2024-05-20
827,207,3,12,2024-08-25
828,207,4,8,2024-11-10
829,208,1,0,2024-03-15
830,208,2,1,2024-05-20
831,208,3,2,2024-08-25
832,208,4,8,2024-11-10
833,209,1,15,2024-03-15
834,209,2,10,2024-05-20
835,209,3,7,2024-08-25
836,209,4,10,2024-11-10
837,210,1,5,2024-03-15
838,210,2,4,2024-05-20
839,210,3,13,2024-08-25
840,210,4,6,2024-11-10
841,211,1,11,2024-03-15
842,211,2,15,2024-05-20
843,211,3,14,2024-08-25
844,211,4,11,2024-11-10
845,212,1,0,2024-03-15
846,212,2,2,2024-05-20
847,212,3,1,2024-08-25
848,212,4,0,2024-11-10
849,213,1,4,2024-03-15
850,213,2,0,2024-05-20
851,213,3,3,2024-08-25
852,213,4,0,2024-11-10
853,214,1,0,2024-03-15
854,214,2,0,2024-05-20
855,214,3,0,2024-08-25
856,214,4,3,2024-11-10
857,215,1,5,2024-03-15
858,215,2,4,2024-05-20
859,215,3,6,2024-08-25
860,215,4,2,2024-11-10
861,216,1,16,2024-03-15
862,216,2,14,2024-05-20
863,216,3,14,2024-08-25
864,216,4,16,2024-11-10
865,217,1,19,2024-03-15
866,217,2,7,2024-05-20
867,217,3,5,2024-08-25
868,217,4,11,2024-11-10
869,218,1,6,2024-03-15
870,218,2,2,2024-05-20
871,218,3,7,2024-08-25
872,218,4,7,2024-11-10
873,219,1,14,2024-03-15
874,219,2,12,2024-05-20
875,219,3,12,2024-08-25
876,219,4,9,2024-11-10
877,220,1,10,2024-03-15
878,220,2,11,2024-05-20
879,220,3,11,2024-08-25
880,220,4,10,2024-11-10
881,221,1,0,2024-03-15
882,221,2,0,2024-05-20
883,221,3,2,2024-08-25
884,221,4,3,2024-11-10
885,222,1,14,2024-03-15
886,222,2,9,2024-05-20
887,222,3,12,2024-08-25
888,222,4,10,2024-11-10
889,223,1,2,2024-03-15
890,223,2,0,2024-05-20
891,223,3,1,2024-08-25
892,223,4,0,2024-11-10
893,224,1,7,2024-03-15
894,224,2,2,2024-05-20
895,224,3,7,2024-08-25
896,224,4,2,2024-11-10
897,225,1,1,2024-03-15
898,225,2,3,2024-05-20
899,225,3,2,2024-08-25
900,225,4,3,2024-11-10
901,226,1,5,2024-03-15
902,226,2,1,2024-05-20
903,226,3,5,2024-08-25
904,226,4,5,2024-11-10
905,227,1,3,2024-03-15
906,227,2,10,2024-05-20
907,227,3,11,2024-08-25
908,227,4,12,2024-11-10
909,228,1,0,2024-03-15
910,228,2,1,2024-05-20
911,228,3,7,2024-08-25
912,228,4,7,2024-11-10
913,229,1,16,2024-03-15
914,229,2,13,2024-05-20
915,229,3,12,2024-08-25
916,229,4,11,2024-11-10
917,230,1,14,2024-03-15
918,230,2,5,2024-05-20
919,230,3,10,2024-08-25
920,230,4,10,2024-11-10
921,231,1,2,2024-03-15
922,231,2,5,2024-05-20
923,231,3,4,2024-08-25
924,231,4,0,2024-11-10
925,232,1,7,2024-03-15
926,232,2,4,2024-05-20
927,232,3,7,2024-08-25
928,232,4,7,2024-11-10
929,233,1,14,2024-03-15
930,233,2,16,2024-05-20
931,233,3,16,2024-08-25
932,233,4,16,2024-11-10
933,234,1,0,2024-03-15
934,234,2,3,2024-05-20
935,234,3,0,2024-08-25
936,234,4,2,2024-11-10
937,235,1,1,2024-03-15
938,235,2,0,2024-05-20
939,235,3,0,2024-08-25
940,235,4,3,2024-11-10
941,236,1,14,2024-03-15
942,236,2,15,2024-05-20
943,236,3,13,2024-08-25
944,236,4,8,2024-11-10
945,237,1,0,2024-03-15
946,237,2,0,2024-05-20
947,237,3,8,2024-08-25
948,237,4,7,2024-11-10
949,238,1,9,2024-03-15
950,238,2,8,2024-05-20
951,238,3,8,2024-08-25
952,238,4,9,2024-11-10
953,239,1,0,2024-03-15
954,239,2,3,2024-05-20
955,239,3,0,2024-08-25
956,239,4,4,2024-11-10
957,240,1,2,2024-03-15
958,240,2,2,2024-05-20
959,240,3,8,2024-08-25
960,240,4,6,2024-11-10
961,241,1,7,2024-03-15
962,241,2,4,2024-05-20
963,241,3,7,2024-08-25
964,241,4,8,2024-11-10
965,242,1,0,2024-03-15
966,242,2,9,2024-05-20
967,242,3,5,2024-08-25
968,242,4,4,2024-11-10
969,243,1,8,2024-03-15
970,243,2,9,2024-05-20
971,243,3,13,2024-08-25
972,243,4,14,2024-11-10
973,244,1,9,2024-03-15
974,244,2,11,2024-05-20
975,244,3,12,2024-08-25
976,244,4,11,2024-11-10
977,245,1,12,2024-03-15
978,245,2,9,2024-05-20
979,245,3,8,2024-08-25
980,245,4,13,2024-11-10
981,246,1,4,2024-03-15
982,246,2,0,2024-05-20
983,246,3,0,2024-08-25
984,246,4,4,2024-11-10
985,247,1,10,2024-03-15
986,247,2,19,2024-05-20
987,247,3,11,2024-08-25
988,247,4,9,2024-11-10
989,248,1,9,2024-03-15
990,248,2,9,2024-05-20
991,248,3,7,2024-08-25
992,248,4,12,2024-11-10
993,249,1,6,2024-03-15
994,249,2,1,2024-05-20
995,249,3,2,2024-08-25
996,249,4,3,2024-11-10
997,250,1,4,2024-03-15
998,250,2,2,2024-05-20
999,250,3,2,2024-08-25
1000,250,4,6,2024-11-10
1001,251,1,2,2024-03-15
1002,251,2,2,2024-05-20
1003,251,3,4,2024-08-25
1004,251,4,2,2024-11-10
1005,252,1,0,2024-03-15
1006,252,2,4,2024-05-20
1007,252,3,7,2024-08-25
1008,252,4,8,2024-11-10
1009,253,1,4,2024-03-15
1010,253,2,4,2024-05-20
1011,253,3,7,2024-08-25
1012,253,4,2,2024-11-10
1013,254,1,10,2024-03-15
1014,254,2,9,2024-05-20
1015,254,3,11,2024-08-25
1016,254,4,11,2024-11-10
1017,255,1,2,2024-03-15
1018,255,2,1,2024-05-20
1019,255,3,0,2024-08-25
1020,255,4,0,2024-11-10
1021,256,1,12,2024-03-15
1022,256,2,16,2024-05-20
1023,256,3,14,2024-08-25
1024,256,4,11,2024-11-10
1025,257,1,9,2024-03-15
1026,257,2,9,2024-05-20
1027,257,3,7,2024-08-25
1028,257,4,6,2024-11-10
1029,258,1,12,2024-03-15
1030,258,2,6,2024-05-20
1031,258,3,8,2024-08-25
1032,258,4,10,2024-11-10
1033,259,1,14,2024-03-15
1034,259,2,14,2024-05-20
1035,259,3,9,2024-08-25
1036,259,4,7,2024-11-10
1037,260,1,2,2024-03-15
1038,260,2,0,2024-05-20
1039,260,3,5,2024-08-25
1040,260,4,0,2024-11-10
1041,261,1,4,2024-03-15
1042,261,2,4,2024-05-20
1043,261,3,2,2024-08-25
1044,261,4,3,2024-11-10
1045,262,1,0,2024-03-15
1046,262,2,1,2024-05-20
1047,262,3,0,2024-08-25
1048,262,4,3,2024-11-10
1049,263,1,9,2024-03-15
1050,263,2,12,2024-05-20
1051,263,3,10,2024-08-25
1052,263,4,13,2024-11-10
1053,264,1,9,2024-03-15
1054,264,2,3,2024-05-20
1055,264,3,7,2024-08-25
1056,264,4,7,2024-11-10
1057,265,1,16,2024-03-15
1058,265,2,15,2024-05-20
1059,265,3,19,2024-08-25
1060,265,4,14,2024-11-10
1061,266,1,9,2024-03-15
1062,266,2,0,2024-05-20
1063,266,3,8,2024-08-25
1064,266,4,3,2024-11-10
1065,267,1,3,2024-03-15
1066,267,2,5,2024-05-20
1067,267,3,6,2024-08-25
1068,267,4,10,2024-11-10
1069,268,1,12,2024-03-15
1070,268,2,13,2024-05-20
1071,268,3,15,2024-08-25
1072,268,4,16,2024-11-10
1073,269,1,2,2024-03-15
1074,269,2,0,2024-05-20
1075,269,3,2,2024-08-25
1076,269,4,0,2024-11-10
1077,270,1,2,2024-03-15
1078,270,2,9,2024-05-20
1079,270,3,3,2024-08-25
1080,270,4,9,2024-11-10
1081,271,1,4,2024-03-15
1082,271,2,7,2024-05-20
1083,271,3,7,2024-08-25
1084,271,4,6,2024-11-10
1085,272,1,5,2024-03-15
1086,272,2,6,2024-05-20
1087,272,3,2,2024-08-25
1088,272,4,4,2024-11-10
1089,273,1,3,2024-03-15
1090,273,2,2,2024-05-20
1091,273,3,5,2024-08-25
1092,273,4,10,2024-11-10
1093,274,1,7,2024-03-15
1094,274,2,10,2024-05-20
1095,274,3,6,2024-08-25
1096,274,4,7,2024-11-10
1097,275,1,11,2024-03-15
1098,275,2,16,2024-05-20
1099,275,3,15,2024-08-25
1100,275,4,17,2024-11-10
1101,276,1,3,2024-03-15
1102,276,2,1,2024-05-20
1103,276,3,3,2024-08-25
1104,276,4,0,2024-11-10
1105,277,1,11,2024-03-15
1106,277,2,11,2024-05-20
1107,277,3,12,2024-08-25
1108,277,4,15,2024-11-10
1109,278,1,12,2024-03-15
1110,278,2,6,2024-05-20
1111,278,3,4,2024-08-25
1112,278,4,10,2024-11-10
1113,279,1,6,2024-03-15
1114,279,2,2,2024-05-20
1115,279,3,6,2024-08-25
1116,279,4,5,2024-11-10
1117,280,1,15,2024-03-15
1118,280,2,10,2024-05-20
1119,280,3,14,2024-08-25
1120,280,4,12,2024-11-10
1121,281,1,0,2024-03-15
1122,281,2,0,2024-05-20
1123,281,3,5,2024-08-25
1124,281,4,6,2024-11-10
1125,282,1,0,2024-03-15
1126,282,2,3,2024-05-20
1127,282,3,0,2024-08-25
1128,282,4,4,2024-11-10
1129,283,1,11,2024-03-15
1130,283,2,9,2024-05-20
1131,283,3,13,2024-08-25
1132,283,4,11,2024-11-10
1133,284,1,14,2024-03-15
1134,284,2,11,2024-05-20
1135,284,3,11,2024-08-25
1136,284,4,13,2024-11-10
1137,285,1,9,2024-03-15
1138,285,2,3,2024-05-20
1139,285,3,7,2024-08-25
1140,285,4,8,2024-11-10
1141,286,1,8,2024-03-15
1142,286,2,16,2024-05-20
1143,286,3,14,2024-08-25
1144,286,4,14,2024-11-10
1145,287,1,13,2024-03-15
1146,287,2,14,2024-05-20
1147,287,3,10,2024-08-25
1148,287,4,11,2024-11-10
1149,288,1,0,2024-03-15
1150,288,2,1,2024-05-20
1151,288,3,2,2024-08-25
1152,288,4,4,2024-11-10
1153,289,1,8,2024-03-15
1154,289,2,8,2024-05-20
1155,289,3,8,2024-08-25
1156,289,4,9,2024-11-10
1157,290,1,10,2024-03-15
1158,290,2,11,2024-05-20
1159,290,3,10,2024-08-25
1160,290,4,13,2024-11-10
1161,291,1,4,2024-03-15
1162,291,2,1,2024-05-20
1163,291,3,5,2024-08-25
1164,291,4,8,2024-11-10
1165,292,1,2,2024-03-15
1166,292,2,2,2024-05-20
1167,292,3,3,2024-08-25
1168,292,4,3,2024-11-10
1169,293,1,0,2024-03-15
1170,293,2,0,2024-05-20
1171,293,3,1,2024-08-25
1172,293,4,6,2024-11-10
1173,294,1,12,2024-03-15
1174,294,2,13,2024-05-20
1175,294,3,12,2024-08-25
1176,294,4,13,2024-11-10
1177,295,1,4,2024-03-15
1178,295,2,8,2024-05-20
1179,295,3,5,2024-08-25
1180,295,4,8,2024-11-10
1181,296,1,16,2024-03-15
1182,296,2,9,2024-05-20
1183,296,3,14,2024-08-25
1184,296,4,4,2024-11-10
1185,297,1,9,2024-03-15
1186,297,2,13,2024-05-20
1187,297,3,15,2024-08-25
1188,297,4,13,2024-11-10
1189,298,1,3,2024-03-15
1190,298,2,6,2024-05-20
1191,298,3,5,2024-08-25
1192,298,4,7,2024-11-10
1193,299,1,14,2024-03-15
1194,299,2,4,2024-05-20
1195,299,3,9,2024-08-25
1196,299,4,7,2024-11-10
1197,300,1,10,2024-03-15
1198,300,2,16,2024-05-20
1199,300,3,8,2024-08-25
1200,300,4,5,2024-11-10
1201,301,1,14,2024-03-15
1202,301,2,14,2024-05-20
1203,301,3,9,2024-08-25
1204,301,4,11,2024-11-10
1205,302,1,4,2024-03-15
1206,302,2,8,2024-05-20
1207,302,3,0,2024-08-25
1208,302,4,5,2024-11-10
1209,303,1,0,2024-03-15
1210,303,2,9,2024-05-20
1211,303,3,1,2024-08-25
1212,303,4,4,2024-11-10
1213,304,1,3,2024-03-15
1214,304,2,2,2024-05-20
1215,304,3,4,2024-08-25
1216,304,4,5,2024-11-10
1217,305,1,8,2024-03-15
1218,305,2,14,2024-05-20
1219,305,3,7,2024-08-25
1220,305,4,12,2024-11-10
1221,306,1,6,2024-03-15
1222,306,2,1,2024-05-20
1223,306,3,5,2024-08-25
1224,306,4,9,2024-11-10
1225,307,1,3,2024-03-15
1226,307,2,0,2024-05-20
1227,307,3,0,2024-08-25
1228,307,4,0,2024-11-10
1229,308,1,12,2024-03-15
1230,308,2,7,2024-05-20
1231,308,3,6,2024-08-25
1232,308,4,10,2024-11-10
1233,309,1,10,2024-03-15
1234,309,2,8,2024-05-20
1235,309,3,5,2024-08-25
1236,309,4,5,2024-11-10
1237,310,1,7,2024-03-15
1238,310,2,11,2024-05-20
1239,310,3,11,2024-08-25
1240,310,4,10,2024-11-10
1241,311,1,3,2024-03-15
1242,311,2,3,2024-05-20
1243,311,3,11,2024-08-25
1244,311,4,9,2024-11-10
1245,312,1,3,2024-03-15
1246,312,2,7,2024-05-20
1247,312,3,0,2024-08-25
1248,312,4,0,2024-11-10
1249,313,1,7,2024-03-15
1250,313,2,6,2024-05-20
1251,313,3,5,2024-08-25
1252,313,4,7,2024-11-10
1253,314,1,19,2024-03-15
1254,314,2,12,2024-05-20
1255,314,3,9,2024-08-25
1256,314,4,7,2024-11-10
1257,315,1,15,2024-03-15
1258,315,2,13,2024-05-20
1259,315,3,8,2024-08-25
1260,315,4,8,2024-11-10
1261,316,1,6,2024-03-15
1262,316,2,12,2024-05-20
1263,316,3,10,2024-08-25
1264,316,4,8,2024-11-10
1265,317,1,4,2024-03-15
1266,317,2,7,2024-05-20
1267,317,3,7,2024-08-25
1268,317,4,4,2024-11-10
1269,318,1,5,2024-03-15
1270,318,2,2,2024-05-20
1271,318,3,2,2024-08-25
1272,318,4,3,2024-11-10
1273,319,1,9,2024-03-15
1274,319,2,10,2024-05-20
1275,319,3,6,2024-08-25
1276,319,4,4,2024-11-10
1277,320,1,13,2024-03-15
1278,320,2,12,2024-05-20
1279,320,3,7,2024-08-25
1280,320,4,11,2024-11-10
1281,321,1,9,2024-03-15
1282,321,2,7,2024-05-20
1283,321,3,9,2024-08-25
1284,321,4,10,2024-11-10
1285,322,1,13,2024-03-15
1286,322,2,17,2024-05-20
1287,322,3,17,2024-08-25
1288,322,4,15,2024-11-10
1289,323,1,15,2024-03-15
1290,323,2,6,2024-05-20
1291,323,3,12,2024-08-25
1292,323,4,14,2024-11-10
1293,324,1,9,2024-03-15
1294,324,2,7,2024-05-20
1295,324,3,11,2024-08-25
1296,324,4,14,2024-11-10
1297,325,1,12,2024-03-15
1298,325,2,16,2024-05-20
1299,325,3,8,2024-08-25
1300,325,4,11,2024-11-10
1301,326,1,4,2024-03-15
1302,326,2,6,2024-05-20
1303,326,3,4,2024-08-25
1304,326,4,2,2024-11-10
1305,327,1,13,2024-03-15
1306,327,2,9,2024-05-20
1307,327,3,10,2024-08-25
1308,327,4,12,2024-11-10
1309,328,1,10,2024-03-15
1310,328,2,10,2024-05-20
1311,328,3,5,2024-08-25
1312,328,4,14,2024-11-10
1313,329,1,7,2024-03-15
1314,329,2,7,2024-05-20
1315,329,3,7,2024-08-25
1316,329,4,8,2024-11-10
1317,330,1,13,2024-03-15
1318,330,2,5,2024-05-20
1319,330,3,14,2024-08-25
1320,330,4,6,2024-11-10
1321,331,1,9,2024-03-15
1322,331,2,10,2024-05-20
1323,331,3,7,2024-08-25
1324,331,4,4,2024-11-10
1325,332,1,0,2024-03-15
1326,332,2,4,2024-05-20
1327,332,3,0,2024-08-25
1328,332,4,0,2024-11-10
1329,333,1,1,2024-03-15
1330,333,2,7,2024-05-20
1331,333,3,1,2024-08-25
1332,333,4,6,2024-11-10
1333,334,1,7,2024-03-15
1334,334,2,4,2024-05-20
1335,334,3,4,2024-08-25
1336,334,4,1,2024-11-10
1337,335,1,9,2024-03-15
1338,335,2,1,2024-05-20
1339,335,3,9,2024-08-25
1340,335,4,10,2024-11-10
1341,336,1,8,2024-03-15
1342,336,2,11,2024-05-20
1343,336,3,7,2024-08-25
1344,336,4,3,2024-11-10
1345,337,1,8,2024-03-15
1346,337,2,10,2024-05-20
1347,337,3,10,2024-08-25
1348,337,4,7,2024-11-10
1349,338,1,7,2024-03-15
1350,338,2,3,2024-05-20
1351,338,3,4,2024-08-25
1352,338,4,4,2024-11-10
1353,339,1,6,2024-03-15
1354,339,2,10,2024-05-20
1355,339,3,16,2024-08-25
1356,339,4,6,2024-11-10
1357,340,1,2,2024-03-15
1358,340,2,6,2024-05-20
1359,340,3,8,2024-08-25
1360,340,4,0,2024-11-10
1361,341,1,7,2024-03-15
1362,341,2,12,2024-05-20
1363,341,3,13,2024-08-25
1364,341,4,14,2024-11-10
1365,342,1,11,2024-03-15
1366,342,2,12,2024-05-20
1367,342,3,16,2024-08-25
1368,342,4,11,2024-11-10
1369,343,1,1,2024-03-15
1370,343,2,0,2024-05-20
1371,343,3,2,2024-08-25
1372,343,4,0,2024-11-10
1373,344,1,10,2024-03-15
1374,344,2,10,2024-05-20
1375,344,3,11,2024-08-25
1376,344,4,9,2024-11-10
1377,345,1,4,2024-03-15
1378,345,2,5,2024-05-20
1379,345,3,0,2024-08-25
1380,345,4,5,2024-11-10
1381,346,1,9,2024-03-15
1382,346,2,2,2024-05-20
1383,346,3,11,2024-08-25
1384,346,4,2,2024-11-10
1385,347,1,7,2024-03-15
1386,347,2,9,2024-05-20
1387,347,3,7,2024-08-25
1388,347,4,3,2024-11-10
1389,348,1,10,2024-03-15
1390,348,2,11,2024-05-20
1391,348,3,12,2024-08-25
1392,348,4,5,2024-11-10
1393,349,1,3,2024-03-15
1394,349,2,3,2024-05-20
1395,349,3,3,2024-08-25
1396,349,4,6,2024-11-10
1397,350,1,11,2024-03-15
1398,350,2,16,2024-05-20
1399,350,3,6,2024-08-25
1400,350,4,16,2024-11-10
1401,351,1,7,2024-03-15
1402,351,2,8,2024-05-20
1403,351,3,6,2024-08-25
1404,351,4,6,2024-11-10
1405,352,1,6,2024-03-15
1406,352,2,4,2024-05-20
1407,352,3,0,2024-08-25
1408,352,4,4,2024-11-10
1409,353,1,4,2024-03-15
1410,353,2,4,2024-05-20
1411,353,3,3,2024-08-25
1412,353,4,7,2024-11-10
1413,354,1,0,2024-03-15
1414,354,2,5,2024-05-20
1415,354,3,2,2024-08-25
1416,354,4,6,2024-11-10
1417,355,1,10,2024-03-15
1418,355,2,16,2024-05-20
1419,355,3,10,2024-08-25
1420,355,4,13,2024-11-10
1421,356,1,11,2024-03-15
1422,356,2,12,2024-05-20
1423,356,3,9,2024-08-25
1424,356,4,6,2024-11-10
1425,357,1,3,2024-03-15
1426,357,2,0,2024-05-20
1427,357,3,3,2024-08-25
1428,357,4,4,2024-11-10
1429,358,1,12,2024-03-15
1430,358,2,12,2024-05-20
1431,358,3,17,2024-08-25
1432,358,4,15,2024-11-10
1433,359,1,16,2024-03-15
1434,359,2,12,2024-05-20
1435,359,3,9,2024-08-25
1436,359,4,17,2024-11-10
1437,360,1,9,2024-03-15
1438,360,2,12,2024-05-20
1439,360,3,9,2024-08-25
1440,360,4,12,2024-11-10
1441,361,1,12,2024-03-15
1442,361,2,11,2024-05-20
1443,361,3,10,2024-08-25
1444,361,4,12,2024-11-10
1445,362,1,15,2024-03-15
1446,362,2,18,2024-05-20
1447,362,3,9,2024-08-25
1448,362,4,15,2024-11-10
1449,363,1,0,2024-03-15
1450,363,2,3,2024-05-20
1451,363,3,4,2024-08-25
1452,363,4,2,2024-11-10
1453,364,1,12,2024-03-15
1454,364,2,6,2024-05-20
1455,364,3,10,2024-08-25
1456,364,4,11,2024-11-10
1457,365,1,3,2024-03-15
1458,365,2,0,2024-05-20
1459,365,3,4,2024-08-25
1460,365,4,0,2024-11-10
1461,366,1,0,2024-03-15
1462,366,2,8,2024-05-20
1463,366,3,5,2024-08-25
1464,366,4,4,2024-11-10
1465,367,1,8,2024-03-15
1466,367,2,7,2024-05-20
1467,367,3,9,2024-08-25
1468,367,4,10,2024-11-10
1469,368,1,11,2024-03-15
1470,368,2,11,2024-05-20
1471,368,3,10,2024-08-25
1472,368,4,10,2024-11-10
1473,369,1,11,2024-03-15
1474,369,2,13,2024-05-20
1475,369,3,12,2024-08-25
1476,369,4,15,2024-11-10
1477,370,1,7,2024-03-15
1478,370,2,8,2024-05-20
1479,370,3,6,2024-08-25
1480,370,4,6,2024-11-10
1481,371,1,8,2024-03-15
1482,371,2,9,2024-05-20
1483,371,3,5,2024-08-25
1484,371,4,10,2024-11-10
1485,372,1,3,2024-03-15
1486,372,2,1,2024-05-20
1487,372,3,0,2024-08-25
1488,372,4,0,2024-11-10
1489,373,1,11,2024-03-15
1490,373,2,7,2024-05-20
1491,373,3,10,2024-08-25
1492,373,4,11,2024-11-10
1493,374,1,9,2024-03-15
1494,374,2,10,2024-05-20
1495,374,3,7,2024-08-25
1496,374,4,8,2024-11-10
1497,375,1,4,2024-03-15
1498,375,2,4,2024-05-20
1499,375,3,1,2024-08-25
1500,375,4,1,2024-11-10
1501,376,1,13,2024-03-15
1502,376,2,11,2024-05-20
1503,376,3,10,2024-08-25
1504,376,4,17,2024-11-10
1505,377,1,5,2024-03-15
1506,377,2,6,2024-05-20
1507,377,3,0,2024-08-25
1508,377,4,7,2024-11-10
1509,378,1,2,2024-03-15
1510,378,2,13,2024-05-20
1511,378,3,7,2024-08-25
1512,378,4,8,2024-11-10
1513,379,1,0,2024-03-15
1514,379,2,0,2024-05-20
1515,379,3,0,2024-08-25
1516,379,4,6,2024-11-10
1517,380,1,6,2024-03-15
1518,380,2,9,2024-05-20
1519,380,3,8,2024-08-25
1520,380,4,5,2024-11-10
1521,381,1,0,2024-03-15
1522,381,2,5,2024-05-20
1523,381,3,3,2024-08-25
1524,381,4,0,2024-11-10
1525,382,1,6,2024-03-15
1526,382,2,4,2024-05-20
1527,382,3,7,2024-08-25
1528,382,4,7,2024-11-10
1529,383,1,12,2024-03-15
1530,383,2,16,2024-05-20
1531,383,3,15,2024-08-25
1532,383,4,13,2024-11-10
1533,384,1,0,2024-03-15
1534,384,2,4,2024-05-20
1535,384,3,1,2024-08-25
1536,384,4,3,2024-11-10
1537,385,1,8,2024-03-15
1538,385,2,3,2024-05-20
1539,385,3,8,2024-08-25
1540,385,4,4,2024-11-10
1541,386,1,8,2024-03-15
1542,386,2,5,2024-05-20
1543,386,3,5,2024-08-25
1544,386,4,2,2024-11-10
1545,387,1,13,2024-03-15
1546,387,2,11,2024-05-20
1547,387,3,12,2024-08-25
1548,387,4,10,2024-11-10
1549,388,1,8,2024-03-15
1550,388,2,0,2024-05-20
1551,388,3,0,2024-08-25
1552,388,4,4,2024-11-10
1553,389,1,1,2024-03-15
1554,389,2,6,2024-05-20
1555,389,3,11,2024-08-25
1556,389,4,7,2024-11-10
1557,390,1,10,2024-03-15
1558,390,2,6,2024-05-20
1559,390,3,10,2024-08-25
1560,390,4,10,2024-11-10
1561,391,1,6,2024-03-15
1562,391,2,7,2024-05-20
1563,391,3,1,2024-08-25
1564,391,4,2,2024-11-10
1565,392,1,9,2024-03-15
1566,392,2,6,2024-05-20
1567,392,3,5,2024-08-25
1568,392,4,12,2024-11-10
1569,393,1,4,2024-03-15
1570,393,2,2,2024-05-20
1571,393,3,6,2024-08-25
1572,393,4,3,2024-11-10
1573,394,1,2,2024-03-15
1574,394,2,2,2024-05-20
1575,394,3,7,2024-08-25
1576,394,4,5,2024-11-10
1577,395,1,3,2024-03-15
1578,395,2,7,2024-05-20
1579,395,3,6,2024-08-25
1580,395,4,4,2024-11-10
1581,396,1,13,2024-03-15
1582,396,2,15,2024-05-20
1583,396,3,15,2024-08-25
1584,396,4,14,2024-11-10
1585,397,1,3,2024-03-15
1586,397,2,2,2024-05-20
1587,397,3,1,2024-08-25
1588,397,4,4,2024-11-10
1589,398,1,6,2024-03-15
1590,398,2,3,2024-05-20
1591,398,3,2,2024-08-25
1592,398,4,8,2024-11-10
1593,399,1,0,2024-03-15
1594,399,2,1,2024-05-20
1595,399,3,0,2024-08-25
1596,399,4,5,2024-11-10
1597,400,1,3,2024-03-15
1598,400,2,11,2024-05-20
1599,400,3,6,2024-08-25
1600,400,4,3,2024-11-10
1601,401,1,0,2024-03-15
1602,401,2,0,2024-05-20
1603,401,3,1,2024-08-25
1604,401,4,3,2024-11-10
1605,402,1,2,2024-03-15
1606,402,2,1,2024-05-20
1607,402,3,4,2024-08-25
1608,402,4,0,2024-11-10
1609,403,1,0,2024-03-15
1610,403,2,3,2024-05-20
1611,403,3,3,2024-08-25
1612,403,4,0,2024-11-10
1613,404,1,6,2024-03-15
1614,404,2,3,2024-05-20
1615,404,3,9,2024-08-25
1616,404,4,4,2024-11-10
1617,405,1,11,2024-03-15
1618,405,2,19,2024-05-20
1619,405,3,9,2024-08-25
1620,405,4,10,2024-11-10
1621,406,1,10,2024-03-15
1622,406,2,9,2024-05-20
1623,406,3,4,2024-08-25
1624,406,4,17,2024-11-10
1625,407,1,11,2024-03-15
1626,407,2,5,2024-05-20
1627,407,3,2,2024-08-25
1628,407,4,10,2024-11-10
1629,408,1,1,2024-03-15
1630,408,2,0,2024-05-20
1631,408,3,0,2024-08-25
1632,408,4,1,2024-11-10
1633,409,1,4,2024-03-15
1634,409,2,7,2024-05-20
1635,409,3,9,2024-08-25
1636,409,4,4,2024-11-10
1637,410,1,11,2024-03-15
1638,410,2,6,2024-05-20
1639,410,3,12,2024-08-25
1640,410,4,8,2024-11-10
1641,411,1,8,2024-03-15
1642,411,2,6,2024-05-20
1643,411,3,2,2024-08-25
1644,411,4,8,2024-11-10
1645,412,1,13,2024-03-15
1646,412,2,3,2024-05-20
1647,412,3,10,2024-08-25
1648,412,4,15,2024-11-10
1649,413,1,0,2024-03-15
1650,413,2,0,2024-05-20
1651,413,3,0,2024-08-25
1652,413,4,3,2024-11-10
1653,414,1,16,2024-03-15
1654,414,2,11,2024-05-20
1655,414,3,12,2024-08-25
1656,414,4,14,2024-11-10
1657,415,1,10,2024-03-15
1658,415,2,10,2024-05-20
1659,415,3,15,2024-08-25
1660,415,4,7,2024-11-10
1661,416,1,3,2024-03-15
1662,416,2,0,2024-05-20
1663,416,3,7,2024-08-25
1664,416,4,4,2024-11-10
1665,417,1,7,2024-03-15
1666,417,2,3,2024-05-20
1667,417,3,1,2024-08-25
1668,417,4,2,2024-11-10
1669,418,1,9,2024-03-15
1670,418,2,11,2024-05-20
1671,418,3,6,2024-08-25
1672,418,4,12,2024-11-10
1673,419,1,13,2024-03-15
1674,419,2,13,2024-05-20
1675,419,3,13,2024-08-25
1676,419,4,10,2024-11-10
1677,420,1,13,2024-03-15
1678,420,2,12,2024-05-20
1679,420,3,17,2024-08-25
1680,420,4,9,2024-11-10
1681,421,1,3,2024-03-15
1682,421,2,2,2024-05-20
1683,421,3,5,2024-08-25
1684,421,4,8,2024-11-10
1685,422,1,7,2024-03-15
1686,422,2,12,2024-05-20
1687,422,3,2,2024-08-25
1688,422,4,2,2024-11-10
1689,423,1,12,2024-03-15
1690,423,2,10,2024-05-20
1691,423,3,18,2024-08-25
1692,423,4,14,2024-11-10
1693,424,1,0,2024-03-15
1694,424,2,4,2024-05-20
1695,424,3,2,2024-08-25
1696,424,4,4,2024-11-10
1697,425,1,1,2024-03-15
1698,425,2,5,2024-05-20
1699,425,3,3,2024-08-25
1700,425,4,2,2024-11-10
1701,426,1,10,2024-03-15
1702,426,2,1,2024-05-20
1703,426,3,7,2024-08-25
1704,426,4,9,2024-11-10
1705,427,1,8,2024-03-15
1706,427,2,7,2024-05-20
1707,427,3,6,2024-08-25
1708,427,4,5,2024-11-10
1709,428,1,0,2024-03-15
1710,428,2,0,2024-05-20
1711,428,3,8,2024-08-25
1712,428,4,5,2024-11-10
1713,429,1,13,2024-03-15
1714,429,2,14,2024-05-20
1715,429,3,9,2024-08-25
1716,429,4,14,2024-11-10
1717,430,1,11,2024-03-15
1718,430,2,15,2024-05-20
1719,430,3,12,2024-08-25
1720,430,4,15,2024-11-10
1721,431,1,2,2024-03-15
1722,431,2,0,2024-05-20
1723,431,3,1,2024-08-25
1724,431,4,1,2024-11-10
1725,432,1,7,2024-03-15
1726,432,2,10,2024-05-20
1727,432,3,8,2024-08-25
1728,432,4,6,2024-11-10
1729,433,1,0,2024-03-15
1730,433,2,2,2024-05-20
1731,433,3,0,2024-08-25
1732,433,4,0,2024-11-10
1733,434,1,13,2024-03-15
1734,434,2,14,2024-05-20
1735,434,3,10,2024-08-25
1736,434,4,11,2024-11-10
1737,435,1,0,2024-03-15
1738,435,2,3,2024-05-20
1739,435,3,3,2024-08-25
1740,435,4,1,2024-11-10
1741,436,1,1,2024-03-15
1742,436,2,7,2024-05-20
1743,436,3,0,2024-08-25
1744,436,4,5,2024-11-10
1745,437,1,9,2024-03-15
1746,437,2,12,2024-05-20
1747,437,3,12,2024-08-25
1748,437,4,17,2024-11-10
1749,438,1,19,2024-03-15
1750,438,2,14,2024-05-20
1751,438,3,20,2024-08-25
1752,438,4,17,2024-11-10
1753,439,1,2,2024-03-15
1754,439,2,1,2024-05-20
1755,439,3,9,2024-08-25
1756,439,4,0,2024-11-10
1757,440,1,1,2024-03-15
1758,440,2,1,2024-05-20
1759,440,3,6,2024-08-25
1760,440,4,5,2024-11-10
1761,441,1,8,2024-03-15
1762,441,2,14,2024-05-20
1763,441,3,8,2024-08-25
1764,441,4,8,2024-11-10
1765,442,1,3,2024-03-15
1766,442,2,3,2024-05-20
1767,442,3,6,2024-08-25
1768,442,4,8,2024-11-10
1769,443,1,14,2024-03-15
1770,443,2,17,2024-05-20
1771,443,3,8,2024-08-25
1772,443,4,11,2024-11-10
1773,444,1,11,2024-03-15
1774,444,2,9,2024-05-20
1775,444,3,9,2024-08-25
1776,444,4,15,2024-11-10
1777,445,1,0,2024-03-15
1778,445,2,4,2024-05-20
1779,445,3,8,2024-08-25
1780,445,4,5,2024-11-10
1781,446,1,8,2024-03-15
1782,446,2,19,2024-05-20
1783,446,3,7,2024-08-25
1784,446,4,7,2024-11-10
1785,447,1,12,2024-03-15
1786,447,2,11,2024-05-20
1787,447,3,10,2024-08-25
1788,447,4,16,2024-11-10
1789,448,1,3,2024-03-15
1790,448,2,6,2024-05-20
1791,448,3,0,2024-08-25
1792,448,4,4,2024-11-10
1793,449,1,10,2024-03-15
1794,449,2,8,2024-05-20
1795,449,3,5,2024-08-25
1796,449,4,10,2024-11-10
1797,450,1,0,2024-03-15
1798,450,2,1,2024-05-20
1799,450,3,6,2024-08-25
1800,450,4,0,2024-11-10
1801,451,1,10,2024-03-15
1802,451,2,0,2024-05-20
1803,451,3,3,2024-08-25
1804,451,4,8,2024-11-10
1805,452,1,0,2024-03-15
1806,452,2,3,2024-05-20
1807,452,3,3,2024-08-25
1808,452,4,0,2024-11-10
1809,453,1,4,2024-03-15
1810,453,2,10,2024-05-20
1811,453,3,8,2024-08-25
1812,453,4,6,2024-11-10
1813,454,1,8,2024-03-15
1814,454,2,7,2024-05-20
1815,454,3,5,2024-08-25
1816,454,4,2,2024-11-10
1817,455,1,3,2024-03-15
1818,455,2,3,2024-05-20
1819,455,3,6,2024-08-25
1820,455,4,3,2024-11-10
1821,456,1,17,2024-03-15
1822,456,2,11,2024-05-20
1823,456,3,19,2024-08-25
1824,456,4,15,2024-11-10
1825,457,1,15,2024-03-15
1826,457,2,11,2024-05-20
1827,457,3,11,2024-08-25
1828,457,4,8,2024-11-10
1829,458,1,8,2024-03-15
1830,458,2,6,2024-05-20
1831,458,3,8,2024-08-25
1832,458,4,14,2024-11-10
1833,459,1,0,2024-03-15
1834,459,2,0,2024-05-20
1835,459,3,0,2024-08-25
1836,459,4,0,2024-11-10
1837,460,1,7,2024-03-15
1838,460,2,2,2024-05-20
1839,460,3,7,2024-08-25
1840,460,4,4,2024-11-10
1841,461,1,5,2024-03-15
1842,461,2,5,2024-05-20
1843,461,3,0,2024-08-25
1844,461,4,6,2024-11-10
1845,462,1,12,2024-03-15
1846,462,2,6,2024-05-20
1847,462,3,10,2024-08-25
1848,462,4,16,2024-11-10
1849,463,1,7,2024-03-15
1850,463,2,8,2024-05-20
1851,463,3,7,2024-08-25
1852,463,4,5,2024-11-10
1853,464,1,19,2024-03-15
1854,464,2,14,2024-05-20
1855,464,3,17,2024-08-25
1856,464,4,17,2024-11-10
1857,465,1,8,2024-03-15
1858,465,2,16,2024-05-20
1859,465,3,7,2024-08-25
1860,465,4,8,2024-11-10
1861,466,1,2,2024-03-15
1862,466,2,0,2024-05-20
1863,466,3,9,2024-08-25
1864,466,4,2,2024-11-10
1865,467,1,2,2024-03-15
1866,467,2,1,2024-05-20
1867,467,3,4,2024-08-25
1868,467,4,3,2024-11-10
1869,468,1,9,2024-03-15
1870,468,2,2,2024-05-20
1871,468,3,5,2024-08-25
1872,468,4,8,2024-11-10
1873,469,1,5,2024-03-15
1874,469,2,1,2024-05-20
1875,469,3,2,2024-08-25
1876,469,4,0,2024-11-10
1877,470,1,7,2024-03-15
1878,470,2,6,2024-05-20
1879,470,3,0,2024-08-25
1880,470,4,9,2024-11-10
1881,471,1,5,2024-03-15
1882,471,2,1,2024-05-20
1883,471,3,2,2024-08-25
1884,471,4,3,2024-11-10
1885,472,1,1,2024-03-15
1886,472,2,4,2024-05-20
1887,472,3,3,2024-08-25
1888,472,4,0,2024-11-10
1889,473,1,0,2024-03-15
1890,473,2,0,2024-05-20
1891,473,3,3,2024-08-25
1892,473,4,4,2024-11-10
1893,474,1,12,2024-03-15
1894,474,2,13,2024-05-20
1895,474,3,8,2024-08-25
1896,474,4,13,2024-11-10
1897,475,1,4,2024-03-15
1898,475,2,4,2024-05-20
1899,475,3,10,2024-08-25
1900,475,4,5,2024-11-10
1901,476,1,0,2024-03-15
1902,476,2,0,2024-05-20
1903,476,3,2,2024-08-25
1904,476,4,1,2024-11-10
1905,477,1,0,2024-03-15
1906,477,2,0,2024-05-20
1907,477,3,0,2024-08-25
1908,477,4,1,2024-11-10
1909,478,1,10,2024-03-15
1910,478,2,13,2024-05-20
1911,478,3,10,2024-08-25
1912,478,4,7,2024-11-10
1913,479,1,8,2024-03-15
1914,479,2,8,2024-05-20
1915,479,3,3,2024-08-25
1916,479,4,5,2024-11-10
1917,480,1,0,2024-03-15
1918,480,2,1,2024-05-20
1919,480,3,2,2024-08-25
1920,480,4,4,2024-11-10
1921,481,1,12,2024-03-15
1922,481,2,9,2024-05-20
1923,481,3,14,2024-08-25
1924,481,4,18,2024-11-10
1925,482,1,11,2024-03-15
1926,482,2,10,2024-05-20
1927,482,3,15,2024-08-25
1928,482,4,6,2024-11-10
1929,483,1,3,2024-03-15
1930,483,2,1,2024-05-20
1931,483,3,1,2024-08-25
1932,483,4,3,2024-11-10
1933,484,1,11,2024-03-15
1934,484,2,17,2024-05-20
1935,484,3,13,2024-08-25
1936,484,4,12,2024-11-10
1937,485,1,10,2024-03-15
1938,485,2,7,2024-05-20
1939,485,3,6,2024-08-25
1940,485,4,10,2024-11-10
1941,486,1,11,2024-03-15
1942,486,2,6,2024-05-20
1943,486,3,15,2024-08-25
1944,486,4,14,2024-11-10
1945,487,1,7,2024-03-15
1946,487,2,8,2024-05-20
1947,487,3,1,2024-08-25
1948,487,4,3,2024-11-10
1949,488,1,5,2024-03-15
1950,488,2,2,2024-05-20
1951,488,3,4,2024-08-25
1952,488,4,8,2024-11-10
1953,489,1,6,2024-03-15
1954,489,2,10,2024-05-20
1955,489,3,14,2024-08-25
1956,489,4,14,2024-11-10
1957,490,1,9,2024-03-15
1958,490,2,0,2024-05-20
1959,490,3,1,2024-08-25
1960,490,4,1,2024-11-10
1961,491,1,3,2024-03-15
1962,491,2,5,2024-05-20
1963,491,3,4,2024-08-25
1964,491,4,6,2024-11-10
1965,492,1,4,2024-03-15
1966,492,2,0,2024-05-20
1967,492,3,3,2024-08-25
1968,492,4,0,2024-11-10
1969,493,1,2,2024-03-15
1970,493,2,5,2024-05-20
1971,493,3,3,2024-08-25
1972,493,4,6,2024-11-10
1973,494,1,16,2024-03-15
1974,494,2,16,2024-05-20
1975,494,3,17,2024-08-25
1976,494,4,15,2024-11-10
1977,495,1,0,2024-03-15
1978,495,2,3,2024-05-20
1979,495,3,2,2024-08-25
1980,495,4,0,2024-11-10
1981,496,1,4,2024-03-15
1982,496,2,10,2024-05-20
1983,496,3,5,2024-08-25
1984,496,4,7,2024-11-10
1985,497,1,0,2024-03-15
1986,497,2,3,2024-05-20
1987,497,3,1,2024-08-25
1988,497,4,6,2024-11-10
1989,498,1,10,2024-03-15
1990,498,2,10,2024-05-20
1991,498,3,4,2024-08-25
1992,498,4,6,2024-11-10
1993,499,1,9,2024-03-15
1994,499,2,0,2024-05-20
1995,499,3,3,2024-08-25
1996,499,4,5,2024-11-10
1997,500,1,9,2024-03-15
1998,500,2,7,2024-05-20
1999,500,3,5,2024-08-25
2000,500,4,8,2024-11-10
2001,501,1,11,2024-03-15
2002,501,2,18,2024-05-20
2003,501,3,14,2024-08-25
2004,501,4,16,2024-11-10
2005,502,1,10,2024-03-15
2006,502,2,3,2024-05-20
2007,502,3,8,2024-08-25
2008,502,4,2,2024-11-10
2009,503,1,11,2024-03-15
2010,503,2,12,2024-05-20
2011,503,3,12,2024-08-25
2012,503,4,6,2024-11-10
2013,504,1,1,2024-03-15
2014,504,2,1,2024-05-20
2015,504,3,0,2024-08-25
2016,504,4,7,2024-11-10
2017,505,1,0,2024-03-15
2018,505,2,0,2024-05-20
2019,505,3,0,2024-08-25
2020,505,4,4,2024-11-10
2021,506,1,0,2024-03-15
2022,506,2,1,2024-05-20
2023,506,3,4,2024-08-25
2024,506,4,0,2024-11-10
2025,507,1,0,2024-03-15
2026,507,2,0,2024-05-20
2027,507,3,2,2024-08-25
2028,507,4,8,2024-11-10
2029,508,1,0,2024-03-15
2030,508,2,1,2024-05-20
2031,508,3,0,2024-08-25
2032,508,4,4,2024-11-10
2033,509,1,8,2024-03-15
2034,509,2,7,2024-05-20
2035,509,3,8,2024-08-25
2036,509,4,8,2024-11-10
2037,510,1,2,2024-03-15
2038,510,2,0,2024-05-20
2039,510,3,0,2024-08-25
2040,510,4,0,2024-11-10
2041,511,1,13,2024-03-15
2042,511,2,7,2024-05-20
2043,511,3,9,2024-08-25
2044,511,4,6,2024-11-10
2045,512,1,13,2024-03-15
2046,512,2,15,2024-05-20
2047,512,3,13,2024-08-25
2048,512,4,6,2024-11-10
2049,513,1,3,2024-03-15
2050,513,2,4,2024-05-20
2051,513,3,3,2024-08-25
2052,513,4,1,2024-11-10
2053,514,1,14,2024-03-15
2054,514,2,13,2024-05-20
2055,514,3,13,2024-08-25
2056,514,4,13,2024-11-10
2057,515,1,4,2024-03-15
2058,515,2,7,2024-05-20
2059,515,3,0,2024-08-25
2060,515,4,9,2024-11-10
2061,516,1,13,2024-03-15
2062,516,2,7,2024-05-20
2063,516,3,10,2024-08-25
2064,516,4,13,2024-11-10
2065,517,1,2,2024-03-15
2066,517,2,1,2024-05-20
2067,517,3,0,2024-08-25
2068,517,4,6,2024-11-10
2069,518,1,6,2024-03-15
2070,518,2,7,2024-05-20
2071,518,3,6,2024-08-25
2072,518,4,6,2024-11-10
2073,519,1,10,2024-03-15
2074,519,2,13,2024-05-20
2075,519,3,10,2024-08-25
2076,519,4,13,2024-11-10
2077,520,1,5,2024-03-15
2078,520,2,10,2024-05-20
2079,520,3,13,2024-08-25
2080,520,4,9,2024-11-10
2081,521,1,6,2024-03-15
2082,521,2,12,2024-05-20
2083,521,3,7,2024-08-25
2084,521,4,8,2024-11-10
2085,522,1,11,2024-03-15
2086,522,2,9,2024-05-20
2087,522,3,15,2024-08-25
2088,522,4,11,2024-11-10
2089,523,1,3,2024-03-15
2090,523,2,10,2024-05-20
2091,523,3,4,2024-08-25
2092,523,4,3,2024-11-10
2093,524,1,8,2024-03-15
2094,524,2,8,2024-05-20
2095,524,3,7,2024-08-25
2096,524,4,11,2024-11-10
2097,525,1,1,2024-03-15
2098,525,2,5,2024-05-20
2099,525,3,8,2024-08-25
2100,525,4,6,2024-11-10
2101,526,1,0,2024-03-15
2102,526,2,0,2024-05-20
2103,526,3,0,2024-08-25
2104,526,4,1,2024-11-10
2105,527,1,12,2024-03-15
2106,527,2,10,2024-05-20
2107,527,3,14,2024-08-25
2108,527,4,15,2024-11-10
2109,528,1,12,2024-03-15
2110,528,2,8,2024-05-20
2111,528,3,2,2024-08-25
2112,528,4,9,2024-11-10
2113,529,1,8,2024-03-15
2114,529,2,6,2024-05-20
2115,529,3,3,2024-08-25
2116,529,4,0,2024-11-10
2117,530,1,10,2024-03-15
2118,530,2,10,2024-05-20
2119,530,3,11,2024-08-25
2120,530,4,7,2024-11-10
2121,531,1,1,2024-03-15
2122,531,2,1,2024-05-20
2123,531,3,2,2024-08-25
2124,531,4,8,2024-11-10
2125,532,1,8,2024-03-15
2126,532,2,9,2024-05-20
2127,532,3,7,2024-08-25
2128,532,4,10,2024-11-10
2129,533,1,6,2024-03-15
2130,533,2,9,2024-05-20
2131,533,3,11,2024-08-25
2132,533,4,11,2024-11-10
2133,534,1,3,2024-03-15
2134,534,2,4,2024-05-20
2135,534,3,4,2024-08-25
2136,534,4,4,2024-11-10
2137,535,1,10,2024-03-15
2138,535,2,6,2024-05-20
2139,535,3,10,2024-08-25
2140,535,4,3,2024-11-10
2141,536,1,9,2024-03-15
2142,536,2,4,2024-05-20
2143,536,3,4,2024-08-25
2144,536,4,4,2024-11-10
2145,537,1,16,2024-03-15
2146,537,2,9,2024-05-20
2147,537,3,14,2024-08-25
2148,537,4,13,2024-11-10
2149,538,1,10,2024-03-15
2150,538,2,21,2024-05-20
2151,538,3,11,2024-08-25
2152,538,4,15,2024-11-10
2153,539,1,3,2024-03-15
2154,539,2,1,2024-05-20
2155,539,3,4,2024-08-25
2156,539,4,7,2024-11-10
2157,540,1,11,2024-03-15
2158,540,2,12,2024-05-20
2159,540,3,14,2024-08-25
2160,540,4,8,2024-11-10
2161,541,1,15,2024-03-15
2162,541,2,13,2024-05-20
2163,541,3,10,2024-08-25
2164,541,4,12,2024-11-10
2165,542,1,6,2024-03-15
2166,542,2,2,2024-05-20
2167,542,3,2,2024-08-25
2168,542,4,4,2024-11-10
2169,543,1,8,2024-03-15
2170,543,2,3,2024-05-20
2171,543,3,8,2024-08-25
2172,543,4,8,2024-11-10
2173,544,1,12,2024-03-15
2174,544,2,13,2024-05-20
2175,544,3,9,2024-08-25
2176,544,4,8,2024-11-10
2177,545,1,14,2024-03-15
2178,545,2,12,2024-05-20
2179,545,3,12,2024-08-25
2180,545,4,9,2024-11-10
2181,546,1,4,2024-03-15
2182,546,2,7,2024-05-20
2183,546,3,2,2024-08-25
2184,546,4,3,2024-11-10
2185,547,1,7,2024-03-15
2186,547,2,8,2024-05-20
2187,547,3,5,2024-08-25
2188,547,4,9,2024-11-10
2189,548,1,0,2024-03-15
2190,548,2,8,2024-05-20
2191,548,3,3,2024-08-25
2192,548,4,0,2024-11-10
2193,549,1,9,2024-03-15
2194,549,2,9,2024-05-20
2195,549,3,6,2024-08-25
2196,549,4,8,2024-11-10
2197,550,1,13,2024-03-15
2198,550,2,12,2024-05-20
2199,550,3,11,2024-08-25
2200,550,4,16,2024-11-10
2201,551,1,8,2024-03-15
2202,551,2,11,2024-05-20
2203,551,3,9,2024-08-25
2204,551,4,14,2024-11-10
2205,552,1,16,2024-03-15
2206,552,2,8,2024-05-20
2207,552,3,7,2024-08-25
2208,552,4,16,2024-11-10
2209,553,1,6,2024-03-15
2210,553,2,1,2024-05-20
2211,553,3,1,2024-08-25
2212,553,4,1,2024-11-10
2213,554,1,9,2024-03-15
2214,554,2,0,2024-05-20
2215,554,3,2,2024-08-25
2216,554,4,3,2024-11-10
2217,555,1,7,2024-03-15
2218,555,2,6,2024-05-20
2219,555,3,8,2024-08-25
2220,555,4,11,2024-11-10
2221,556,1,0,2024-03-15
2222,556,2,0,2024-05-20
2223,556,3,3,2024-08-25
2224,556,4,0,2024-11-10
2225,557,1,0,2024-03-15
2226,557,2,3,2024-05-20
2227,557,3,0,2024-08-25
2228,557,4,0,2024-11-10
2229,558,1,6,2024-03-15
2230,558,2,3,2024-05-20
2231,558,3,6,2024-08-25
2232,558,4,12,2024-11-10
2233,559,1,6,2024-03-15
2234,559,2,7,2024-05-20
2235,559,3,9,2024-08-25
2236,559,4,13,2024-11-10
2237,560,1,4,2024-03-15
2238,560,2,0,2024-05-20
2239,560,3,0,2024-08-25
2240,560,4,0,2024-11-10
2241,561,1,9,2024-03-15
2242,561,2,9,2024-05-20
2243,561,3,7,2024-08-25
2244,561,4,7,2024-11-10
2245,562,1,9,2024-03-15
2246,562,2,9,2024-05-20
2247,562,3,7,2024-08-25
2248,562,4,13,2024-11-10
2249,563,1,8,2024-03-15
2250,563,2,11,2024-05-20
2251,563,3,11,2024-08-25
2252,563,4,15,2024-11-10
2253,564,1,4,2024-03-15
2254,564,2,2,2024-05-20
2255,564,3,6,2024-08-25
2256,564,4,5,2024-11-10
2257,565,1,11,2024-03-15
2258,565,2,13,2024-05-20
2259,565,3,7,2024-08-25
2260,565,4,11,2024-11-10
2261,566,1,5,2024-03-15
2262,566,2,3,2024-05-20
2263,566,3,0,2024-08-25
2264,566,4,5,2024-11-10
2265,567,1,8,2024-03-15
2266,567,2,11,2024-05-20
2267,567,3,8,2024-08-25
2268,567,4,11,2024-11-10
2269,568,1,17,2024-03-15
2270,568,2,10,2024-05-20
2271,568,3,18,2024-08-25
2272,568,4,8,2024-11-10
2273,569,1,7,2024-03-15
2274,569,2,12,2024-05-20
2275,569,3,17,2024-08-25
2276,569,4,12,2024-11-10
2277,570,1,4,2024-03-15
2278,570,2,8,2024-05-20
2279,570,3,5,2024-08-25
2280,570,4,9,2024-11-10
2281,571,1,9,2024-03-15
2282,571,2,9,2024-05-20
2283,571,3,8,2024-08-25
2284,571,4,6,2024-11-10
2285,572,1,10,2024-03-15
2286,572,2,13,2024-05-20
2287,572,3,13,2024-08-25
2288,572,4,14,2024-11-10
2289,573,1,11,2024-03-15
2290,573,2,9,2024-05-20
2291,573,3,4,2024-08-25
2292,573,4,9,2024-11-10
2293,574,1,7,2024-03-15
2294,574,2,3,2024-05-20
2295,574,3,0,2024-08-25
2296,574,4,1,2024-11-10
2297,575,1,12,2024-03-15
2298,575,2,7,2024-05-20
2299,575,3,9,2024-08-25
2300,575,4,7,2024-11-10
2301,576,1,9,2024-03-15
2302,576,2,8,2024-05-20
2303,576,3,14,2024-08-25
2304,576,4,13,2024-11-10
2305,577,1,0,2024-03-15
2306,577,2,1,2024-05-20
2307,577,3,1,2024-08-25
2308,577,4,0,2024-11-10
2309,578,1,6,2024-03-15
2310,578,2,6,2024-05-20
2311,578,3,7,2024-08-25
2312,578,4,9,2024-11-10
2313,579,1,0,2024-03-15
2314,579,2,3,2024-05-20
2315,579,3,2,2024-08-25
2316,579,4,1,2024-11-10
2317,580,1,16,2024-03-15
2318,580,2,14,2024-05-20
2319,580,3,12,2024-08-25
2320,580,4,14,2024-11-10
2321,581,1,9,2024-03-15
2322,581,2,9,2024-05-20
2323,581,3,15,2024-08-25
2324,581,4,9,2024-11-10
2325,582,1,13,2024-03-15
2326,582,2,9,2024-05-20
2327,582,3,15,2024-08-25
2328,582,4,16,2024-11-10
2329,583,1,6,2024-03-15
2330,583,2,7,2024-05-20
2331,583,3,2,2024-08-25
2332,583,4,1,2024-11-10
2333,584,1,4,2024-03-15
2334,584,2,9,2024-05-20
2335,584,3,2,2024-08-25
2336,584,4,5,2024-11-10
2337,585,1,0,2024-03-15
2338,585,2,2,2024-05-20
2339,585,3,0,2024-08-25
2340,585,4,5,2024-11-10
2341,586,1,9,2024-03-15
2342,586,2,15,2024-05-20
2343,586,3,12,2024-08-25
2344,586,4,12,2024-11-10
2345,587,1,15,2024-03-15
2346,587,2,10,2024-05-20
2347,587,3,13,2024-08-25
2348,587,4,9,2024-11-10
2349,588,1,12,2024-03-15
2350,588,2,8,2024-05-20
2351,588,3,16,2024-08-25
2352,588,4,17,2024-11-10
2353,589,1,8,2024-03-15
2354,589,2,12,2024-05-20
2355,589,3,9,2024-08-25
2356,589,4,5,2024-11-10
2357,590,1,0,2024-03-15
2358,590,2,1,2024-05-20
2359,590,3,2,2024-08-25
2360,590,4,7,2024-11-10
2361,591,1,2,2024-03-15
2362,591,2,8,2024-05-20
2363,591,3,0,2024-08-25
2364,591,4,2,2024-11-10
2365,592,1,12,2024-03-15
2366,592,2,11,2024-05-20
2367,592,3,11,2024-08-25
2368,592,4,15,2024-11-10
2369,593,1,0,2024-03-15
2370,593,2,0,2024-05-20
2371,593,3,0,2024-08-25
2372,593,4,0,2024-11-10
2373,594,1,10,2024-03-15
2374,594,2,12,2024-05-20
2375,594,3,9,2024-08-25
2376,594,4,10,2024-11-10
2377,595,1,3,2024-03-15
2378,595,2,5,2024-05-20
2379,595,3,5,2024-08-25
2380,595,4,3,2024-11-10
2381,596,1,5,2024-03-15
2382,596,2,15,2024-05-20
2383,596,3,8,2024-08-25
2384,596,4,15,2024-11-10
2385,597,1,11,2024-03-15
2386,597,2,13,2024-05-20
2387,597,3,10,2024-08-25
2388,597,4,7,2024-11-10
2389,598,1,9,2024-03-15
2390,598,2,13,2024-05-20
2391,598,3,13,2024-08-25
2392,598,4,23,2024-11-10
2393,599,1,4,2024-03-15
2394,599,2,1,2024-05-20
2395,599,3,7,2024-08-25
2396,599,4,2,2024-11-10
2397,600,1,10,2024-03-15
2398,600,2,6,2024-05-20
2399,600,3,9,2024-08-25
2400,600,4,17,2024-11-10
2401,601,1,5,2024-03-15
2402,601,2,12,2024-05-20
2403,601,3,8,2024-08-25
2404,601,4,10,2024-11-10
2405,602,1,3,2024-03-15
2406,602,2,3,2024-05-20
2407,602,3,6,2024-08-25
2408,602,4,5,2024-11-10
2409,603,1,1,2024-03-15
2410,603,2,0,2024-05-20
2411,603,3,0,2024-08-25
2412,603,4,7,2024-11-10
2413,604,1,0,2024-03-15
2414,604,2,2,2024-05-20
2415,604,3,4,2024-08-25
2416,604,4,1,2024-11-10
2417,605,1,6,2024-03-15
2418,605,2,6,2024-05-20
2419,605,3,4,2024-08-25
2420,605,4,9,2024-11-10
2421,606,1,17,2024-03-15
2422,606,2,11,2024-05-20
2423,606,3,12,2024-08-25
2424,606,4,18,2024-11-10
2425,607,1,2,2024-03-15
2426,607,2,6,2024-05-20
2427,607,3,0,2024-08-25
2428,607,4,6,2024-11-10
2429,608,1,10,2024-03-15
2430,608,2,8,2024-05-20
2431,608,3,8,2024-08-25
2432,608,4,9,2024-11-10
2433,609,1,5,2024-03-15
2434,609,2,10,2024-05-20
2435,609,3,8,2024-08-25
2436,609,4,12,2024-11-10
2437,610,1,13,2024-03-15
2438,610,2,4,2024-05-20
2439,610,3,10,2024-08-25
2440,610,4,4,2024-11-10
2441,611,1,0,2024-03-15
2442,611,2,2,2024-05-20
2443,611,3,1,2024-08-25
2444,611,4,5,2024-11-10
2445,612,1,10,2024-03-15
2446,612,2,11,2024-05-20
2447,612,3,11,2024-08-25
2448,612,4,10,2024-11-10
2449,613,1,11,2024-03-15
2450,613,2,11,2024-05-20
2451,613,3,13,2024-08-25
2452,613,4,13,2024-11-10
2453,614,1,6,2024-03-15
2454,614,2,1,2024-05-20
2455,614,3,6,2024-08-25
2456,614,4,4,2024-11-10
2457,615,1,0,2024-03-15
2458,615,2,0,2024-05-20
2459,615,3,4,2024-08-25
2460,615,4,0,2024-11-10
2461,616,1,0,2024-03-15
2462,616,2,4,2024-05-20
2463,616,3,7,2024-08-25
2464,616,4,2,2024-11-10
2465,617,1,13,2024-03-15
2466,617,2,8,2024-05-20
2467,617,3,10,2024-08-25
2468,617,4,12,2024-11-10
2469,618,1,14,2024-03-15
2470,618,2,15,2024-05-20
2471,618,3,8,2024-08-25
2472,618,4,11,2024-11-10
2473,619,1,14,2024-03-15
2474,619,2,15,2024-05-20
2475,619,3,17,2024-08-25
2476,619,4,13,2024-11-10
2477,620,1,15,2024-03-15
2478,620,2,8,2024-05-20
2479,620,3,8,2024-08-25
2480,620,4,8,2024-11-10
2481,621,1,7,2024-03-15
2482,621,2,13,2024-05-20
2483,621,3,8,2024-08-25
2484,621,4,7,2024-11-10
2485,622,1,0,2024-03-15
2486,622,2,1,2024-05-20
2487,622,3,0,2024-08-25
2488,622,4,2,2024-11-10
2489,623,1,6,2024-03-15
2490,623,2,5,2024-05-20
2491,623,3,3,2024-08-25
2492,623,4,7,2024-11-10
2493,624,1,9,2024-03-15
2494,624,2,10,2024-05-20
2495,624,3,12,2024-08-25
2496,624,4,1,2024-11-10
2497,625,1,10,2024-03-15
2498,625,2,10,2024-05-20
2499,625,3,6,2024-08-25
2500,625,4,8,2024-11-10
2501,626,1,0,2024-03-15
2502,626,2,6,2024-05-20
2503,626,3,4,2024-08-25
2504,626,4,0,2024-11-10
2505,627,1,15,2024-03-15
2506,627,2,14,2024-05-20
2507,627,3,14,2024-08-25
2508,627,4,13,2024-11-10
2509,628,1,0,2024-03-15
2510,628,2,1,2024-05-20
2511,628,3,1,2024-08-25
2512,628,4,1,2024-11-10
2513,629,1,7,2024-03-15
2514,629,2,13,2024-05-20
2515,629,3,4,2024-08-25
2516,629,4,15,2024-11-10
2517,630,1,0,2024-03-15
2518,630,2,0,2024-05-20
2519,630,3,0,2024-08-25
2520,630,4,0,2024-11-10
2521,631,1,9,2024-03-15
2522,631,2,19,2024-05-20
2523,631,3,10,2024-08-25
2524,631,4,20,2024-11-10
2525,632,1,11,2024-03-15
2526,632,2,8,2024-05-20
2527,632,3,10,2024-08-25
2528,632,4,10,2024-11-10
2529,633,1,0,2024-03-15
2530,633,2,0,2024-05-20
2531,633,3,0,2024-08-25
2532,633,4,2,2024-11-10
2533,634,1,9,2024-03-15
2534,634,2,11,2024-05-20
2535,634,3,10,2024-08-25
2536,634,4,10,2024-11-10
2537,635,1,3,2024-03-15
2538,635,2,2,2024-05-20
2539,635,3,1,2024-08-25
2540,635,4,5,2024-11-10
2541,636,1,13,2024-03-15
2542,636,2,9,2024-05-20
2543,636,3,12,2024-08-25
2544,636,4,11,2024-11-10
2545,637,1,14,2024-03-15
2546,637,2,12,2024-05-20
2547,637,3,18,2024-08-25
2548,637,4,8,2024-11-10
2549,638,1,3,2024-03-15
2550,638,2,6,2024-05-20
2551,638,3,6,2024-08-25
2552,638,4,4,2024-11-10
2553,639,1,17,2024-03-15
2554,639,2,11,2024-05-20
2555,639,3,15,2024-08-25
2556,639,4,13,2024-11-10
2557,640,1,14,2024-03-15
2558,640,2,12,2024-05-20
2559,640,3,10,2024-08-25
2560,640,4,12,2024-11-10
2561,641,1,5,2024-03-15
2562,641,2,5,2024-05-20
2563,641,3,5,2024-08-25
2564,641,4,7,2024-11-10
2565,642,1,1,2024-03-15
2566,642,2,0,2024-05-20
2567,642,3,0,2024-08-25
2568,642,4,0,2024-11-10
2569,643,1,10,2024-03-15
2570,643,2,15,2024-05-20
2571,643,3,10,2024-08-25
2572,643,4,6,2024-11-10
2573,644,1,4,2024-03-15
2574,644,2,10,2024-05-20
2575,644,3,5,2024-08-25
2576,644,4,0,2024-11-10
2577,645,1,11,2024-03-15
2578,645,2,13,2024-05-20
2579,645,3,9,2024-08-25
2580,645,4,15,2024-11-10
2581,646,1,17,2024-03-15
2582,646,2,11,2024-05-20
2583,646,3,11,2024-08-25
2584,646,4,10,2024-11-10
2585,647,1,3,2024-03-15
2586,647,2,2,2024-05-20
2587,647,3,5,2024-08-25
2588,647,4,5,2024-11-10
2589,648,1,11,2024-03-15
2590,648,2,6,2024-05-20
2591,648,3,14,2024-08-25
2592,648,4,8,2024-11-10
2593,649,1,6,2024-03-15
2594,649,2,2,2024-05-20
2595,649,3,0,2024-08-25
2596,649,4,1,2024-11-10
2597,650,1,10,2024-03-15
2598,650,2,10,2024-05-20
2599,650,3,7,2024-08-25
2600,650,4,12,2024-11-10
2601,651,1,7,2024-03-15
2602,651,2,12,2024-05-20
2603,651,3,7,2024-08-25
2604,651,4,6,2024-11-10
2605,652,1,10,2024-03-15
2606,652,2,5,2024-05-20
2607,652,3,10,2024-08-25
2608,652,4,16,2024-11-10
2609,653,1,17,2024-03-15
2610,653,2,10,2024-05-20
2611,653,3,14,2024-08-25
2612,653,4,15,2024-11-10
2613,654,1,15,2024-03-15
2614,654,2,11,2024-05-20
2615,654,3,13,2024-08-25
2616,654,4,11,2024-11-10
2617,655,1,4,2024-03-15
2618,655,2,3,2024-05-20
2619,655,3,1,2024-08-25
2620,655,4,0,2024-11-10
2621,656,1,5,2024-03-15
2622,656,2,4,2024-05-20
2623,656,3,5,2024-08-25
2624,656,4,6,2024-11-10
2625,657,1,0,2024-03-15
2626,657,2,4,2024-05-20
2627,657,3,1,2024-08-25
2628,657,4,0,2024-11-10
2629,658,1,15,2024-03-15
2630,658,2,16,2024-05-20
2631,658,3,11,2024-08-25
2632,658,4,13,2024-11-10
2633,659,1,9,2024-03-15
2634,659,2,4,2024-05-20
2635,659,3,5,2024-08-25
2636,659,4,5,2024-11-10
2637,660,1,5,2024-03-15
2638,660,2,5,2024-05-20
2639,660,3,0,2024-08-25
2640,660,4,2,2024-11-10
2641,661,1,0,2024-03-15
2642,661,2,0,2024-05-20
2643,661,3,3,2024-08-25
2644,661,4,0,2024-11-10
2645,662,1,9,2024-03-15
2646,662,2,11,2024-05-20
2647,662,3,12,2024-08-25
2648,662,4,7,2024-11-10
2649,663,1,6,2024-03-15
2650,663,2,6,2024-05-20
2651,663,3,7,2024-08-25
2652,663,4,0,2024-11-10
2653,664,1,0,2024-03-15
2654,664,2,0,2024-05-20
2655,664,3,0,2024-08-25
2656,664,4,0,2024-11-10
2657,665,1,14,2024-03-15
2658,665,2,17,2024-05-20
2659,665,3,13,2024-08-25
2660,665,4,14,2024-11-10
2661,666,1,7,2024-03-15
2662,666,2,1,2024-05-20
2663,666,3,9,2024-08-25
2664,666,4,5,2024-11-10
2665,667,1,5,2024-03-15
2666,667,2,3,2024-05-20
2667,667,3,10,2024-08-25
2668,667,4,9,2024-11-10
2669,668,1,1,2024-03-15
2670,668,2,5,2024-05-20
2671,668,3,1,2024-08-25
2672,668,4,7,2024-11-10
2673,669,1,14,2024-03-15
2674,669,2,16,2024-05-20
2675,669,3,14,2024-08-25
2676,669,4,12,2024-11-10
2677,670,1,9,2024-03-15
2678,670,2,13,2024-05-20
2679,670,3,14,2024-08-25
2680,670,4,16,2024-11-10
2681,671,1,11,2024-03-15
2682,671,2,10,2024-05-20
2683,671,3,18,2024-08-25
2684,671,4,12,2024-11-10
2685,672,1,9,2024-03-15
2686,672,2,9,2024-05-20
2687,672,3,13,2024-08-25
2688,672,4,9,2024-11-10
2689,673,1,14,2024-03-15
2690,673,2,10,2024-05-20
2691,673,3,16,2024-08-25
2692,673,4,14,2024-11-10
2693,674,1,12,2024-03-15
2694,674,2,5,2024-05-20
2695,674,3,8,2024-08-25
2696,674,4,11,2024-11-10
2697,675,1,12,2024-03-15
2698,675,2,10,2024-05-20
2699,675,3,3,2024-08-25
2700,675,4,13,2024-11-10
2701,676,1,12,2024-03-15
2702,676,2,11,2024-05-20
2703,676,3,12,2024-08-25
2704,676,4,15,2024-11-10
2705,677,1,1,2024-03-15
2706,677,2,6,2024-05-20
2707,677,3,1,2024-08-25
2708,677,4,0,2024-11-10
2709,678,1,6,2024-03-15
2710,678,2,10,2024-05-20
2711,678,3,4,2024-08-25
2712,678,4,10,2024-11-10
2713,679,1,6,2024-03-15
2714,679,2,2,2024-05-20
2715,679,3,3,2024-08-25
2716,679,4,0,2024-11-10
2717,680,1,1,2024-03-15
2718,680,2,4,2024-05-20
2719,680,3,8,2024-08-25
2720,680,4,7,2024-11-10
2721,681,1,15,2024-03-15
2722,681,2,17,2024-05-20
2723,681,3,12,2024-08-25
2724,681,4,15,2024-11-10
2725,682,1,3,2024-03-15
2726,682,2,3,2024-05-20
2727,682,3,4,2024-08-25
2728,682,4,2,2024-11-10
2729,683,1,8,2024-03-15
2730,683,2,8,2024-05-20
2731,683,3,10,2024-08-25
2732,683,4,1,2024-11-10
2733,684,1,11,2024-03-15
2734,684,2,6,2024-05-20
2735,684,3,7,2024-08-25
2736,684,4,8,2024-11-10
2737,685,1,11,2024-03-15
2738,685,2,10,2024-05-20
2739,685,3,10,2024-08-25
2740,685,4,19,2024-11-10
2741,686,1,2,2024-03-15
2742,686,2,4,2024-05-20
2743,686,3,5,2024-08-25
2744,686,4,12,2024-11-10
2745,687,1,5,2024-03-15
2746,687,2,11,2024-05-20
2747,687,3,10,2024-08-25
2748,687,4,7,2024-11-10
2749,688,1,1,2024-03-15
2750,688,2,7,2024-05-20
2751,688,3,7,2024-08-25
2752,688,4,2,2024-11-10
2753,689,1,0,2024-03-15
2754,689,2,5,2024-05-20
2755,689,3,4,2024-08-25
2756,689,4,8,2024-11-10
2757,690,1,3,2024-03-15
2758,690,2,7,2024-05-20
2759,690,3,3,2024-08-25
2760,690,4,7,2024-11-10
2761,691,1,4,2024-03-15
2762,691,2,0,2024-05-20
2763,691,3,0,2024-08-25
2764,691,4,0,2024-11-10
2765,692,1,7,2024-03-15
2766,692,2,3,2024-05-20
2767,692,3,17,2024-08-25
2768,692,4,7,2024-11-10
2769,693,1,11,2024-03-15
2770,693,2,15,2024-05-20
2771,693,3,19,2024-08-25
2772,693,4,16,2024-11-10
2773,694,1,3,2024-03-15
2774,694,2,3,2024-05-20
2775,694,3,2,2024-08-25
2776,694,4,2,2024-11-10
2777,695,1,5,2024-03-15
2778,695,2,13,2024-05-20
2779,695,3,9,2024-08-25
2780,695,4,7,2024-11-10
2781,696,1,7,2024-03-15
2782,696,2,7,2024-05-20
2783,696,3,6,2024-08-25
2784,696,4,8,2024-11-10
2785,697,1,7,2024-03-15
2786,697,2,0,2024-05-20
2787,697,3,3,2024-08-25
2788,697,4,0,2024-11-10
2789,698,1,9,2024-03-15
2790,698,2,8,2024-05-20
2791,698,3,11,2024-08-25
2792,698,4,7,2024-11-10
2793,699,1,3,2024-03-15
2794,699,2,5,2024-05-20
2795,699,3,0,2024-08-25
2796,699,4,3,2024-11-10
2797,700,1,3,2024-03-15
2798,700,2,7,2024-05-20
2799,700,3,2,2024-08-25
2800,700,4,1,2024-11-10
2801,701,1,14,2024-03-15
2802,701,2,14,2024-05-20
2803,701,3,8,2024-08-25
2804,701,4,9,2024-11-10
2805,702,1,16,2024-03-15
2806,702,2,12,2024-05-20
2807,702,3,6,2024-08-25
2808,702,4,9,2024-11-10
2809,703,1,0,2024-03-15
2810,703,2,7,2024-05-20
2811,703,3,3,2024-08-25
2812,703,4,2,2024-11-10
2813,704,1,7,2024-03-15
2814,704,2,2,2024-05-20
2815,704,3,5,2024-08-25
2816,704,4,7,2024-11-10
2817,705,1,8,2024-03-15
2818,705,2,10,2024-05-20
2819,705,3,8,2024-08-25
2820,705,4,6,2024-11-10
2821,706,1,7,2024-03-15
2822,706,2,9,2024-05-20
2823,706,3,3,2024-08-25
2824,706,4,2,2024-11-10
2825,707,1,12,2024-03-15
2826,707,2,15,2024-05-20
2827,707,3,12,2024-08-25
2828,707,4,17,2024-11-10
2829,708,1,0,2024-03-15
2830,708,2,0,2024-05-20
2831,708,3,5,2024-08-25
2832,708,4,1,2024-11-10
2833,709,1,0,2024-03-15
2834,709,2,0,2024-05-20
2835,709,3,0,2024-08-25
2836,709,4,0,2024-11-10
2837,710,1,0,2024-03-15
2838,710,2,5,2024-05-20
2839,710,3,3,2024-08-25
2840,710,4,0,2024-11-10
2841,711,1,4,2024-03-15
2842,711,2,3,2024-05-20
2843,711,3,2,2024-08-25
2844,711,4,6,2024-11-10
2845,712,1,12,2024-03-15
2846,712,2,5,2024-05-20
2847,712,3,7,2024-08-25
2848,712,4,10,2024-11-10
2849,713,1,4,2024-03-15
2850,713,2,3,2024-05-20
2851,713,3,0,2024-08-25
2852,713,4,0,2024-11-10
2853,714,1,12,2024-03-15
2854,714,2,8,2024-05-20
2855,714,3,10,2024-08-25
2856,714,4,14,2024-11-10
2857,715,1,13,2024-03-15
2858,715,2,10,2024-05-20
2859,715,3,7,2024-08-25
2860,715,4,16,2024-11-10
2861,716,1,13,2024-03-15
2862,716,2,9,2024-05-20
2863,716,3,19,2024-08-25
2864,716,4,13,2024-11-10
2865,717,1,10,2024-03-15
2866,717,2,13,2024-05-20
2867,717,3,15,2024-08-25
2868,717,4,12,2024-11-10
2869,718,1,13,2024-03-15
2870,718,2,11,2024-05-20
2871,718,3,4,2024-08-25
2872,718,4,14,2024-11-10
2873,719,1,13,2024-03-15
2874,719,2,9,2024-05-20
2875,719,3,9,2024-08-25
2876,719,4,6,2024-11-10
2877,720,1,2,2024-03-15
2878,720,2,1,2024-05-20
2879,720,3,1,2024-08-25
2880,720,4,0,2024-11-10
2881,721,1,8,2024-03-15
2882,721,2,10,2024-05-20
2883,721,3,7,2024-08-25
2884,721,4,6,2024-11-10
2885,722,1,14,2024-03-15
2886,722,2,13,2024-05-20
2887,722,3,14,2024-08-25
2888,722,4,13,2024-11-10
2889,723,1,4,2024-03-15
2890,723,2,4,2024-05-20
2891,723,3,6,2024-08-25
2892,723,4,9,2024-11-10
2893,724,1,2,2024-03-15
2894,724,2,5,2024-05-20
2895,724,3,2,2024-08-25
2896,724,4,0,2024-11-10
2897,725,1,3,2024-03-15
2898,725,2,13,2024-05-20
2899,725,3,5,2024-08-25
2900,725,4,7,2024-11-10
2901,726,1,11,2024-03-15
2902,726,2,10,2024-05-20
2903,726,3,16,2024-08-25
2904,726,4,13,2024-11-10
2905,727,1,13,2024-03-15
2906,727,2,4,2024-05-20
2907,727,3,7,2024-08-25
2908,727,4,15,2024-11-10
2909,728,1,10,2024-03-15
2910,728,2,7,2024-05-20
2911,728,3,12,2024-08-25
2912,728,4,9,2024-11-10
2913,729,1,8,2024-03-15
2914,729,2,4,2024-05-20
2915,729,3,2,2024-08-25
2916,729,4,6,2024-11-10
2917,730,1,14,2024-03-15
2918,730,2,13,2024-05-20
2919,730,3,10,2024-08-25
2920,730,4,13,2024-11-10
2921,731,1,12,2024-03-15
2922,731,2,13,2024-05-20
2923,731,3,10,2024-08-25
2924,731,4,14,2024-11-10
2925,732,1,0,2024-03-15
2926,732,2,3,2024-05-20
2927,732,3,0,2024-08-25
2928,732,4,5,2024-11-10
2929,733,1,13,2024-03-15
2930,733,2,14,2024-05-20
2931,733,3,11,2024-08-25
2932,733,4,14,2024-11-10
2933,734,1,0,2024-03-15
2934,734,2,0,2024-05-20
2935,734,3,0,2024-08-25
2936,734,4,4,2024-11-10
2937,735,1,13,2024-03-15
2938,735,2,14,2024-05-20
2939,735,3,12,2024-08-25
2940,735,4,14,2024-11-10
2941,736,1,1,2024-03-15
2942,736,2,0,2024-05-20
2943,736,3,6,2024-08-25
2944,736,4,5,2024-11-10
2945,737,1,13,2024-03-15
2946,737,2,10,2024-05-20
2947,737,3,6,2024-08-25
2948,737,4,10,2024-11-10
2949,738,1,6,2024-03-15
2950,738,2,10,2024-05-20
2951,738,3,10,2024-08-25
2952,738,4,8,2024-11-10
2953,739,1,7,2024-03-15
2954,739,2,10,2024-05-20
2955,739,3,14,2024-08-25
2956,739,4,13,2024-11-10
2957,740,1,6,2024-03-15
2958,740,2,6,2024-05-20
2959,740,3,3,2024-08-25
2960,740,4,5,2024-11-10
2961,741,1,2,2024-03-15
2962,741,2,0,2024-05-20
2963,741,3,3,2024-08-25
2964,741,4,3,2024-11-10
2965,742,1,11,2024-03-15
2966,742,2,8,2024-05-20
2967,742,3,11,2024-08-25
2968,742,4,12,2024-11-10
2969,743,1,1,2024-03-15
2970,743,2,0,2024-05-20
2971,743,3,4,2024-08-25
2972,743,4,0,2024-11-10
2973,744,1,20,2024-03-15
2974,744,2,12,2024-05-20
2975,744,3,17,2024-08-25
2976,744,4,17,2024-11-10
2977,745,1,10,2024-03-15
2978,745,2,14,2024-05-20
2979,745,3,13,2024-08-25
2980,745,4,12,2024-11-10
2981,746,1,3,2024-03-15
2982,746,2,11,2024-05-20
2983,746,3,5,2024-08-25
2984,746,4,3,2024-11-10
2985,747,1,6,2024-03-15
2986,747,2,9,2024-05-20
2987,747,3,11,2024-08-25
2988,747,4,8,2024-11-10
2989,748,1,9,2024-03-15
2990,748,2,9,2024-05-20
2991,748,3,13,2024-08-25
2992,748,4,12,2024-11-10
2993,749,1,19,2024-03-15
2994,749,2,9,2024-05-20
2995,749,3,12,2024-08-25
2996,749,4,9,2024-11-10
2997,750,1,0,2024-03-15
2998,750,2,4,2024-05-20
2999,750,3,2,2024-08-25
3000,750,4,1,2024-11-10
3001,751,1,9,2024-03-15
3002,751,2,11,2024-05-20
3003,751,3,16,2024-08-25
3004,751,4,9,2024-11-10
3005,752,1,6,2024-03-15
3006,752,2,2,2024-05-20
3007,752,3,6,2024-08-25
3008,752,4,7,2024-11-10
3009,753,1,16,2024-03-15
3010,753,2,12,2024-05-20
3011,753,3,14,2024-08-25
3012,753,4,16,2024-11-10
3013,754,1,3,2024-03-15
3014,754,2,0,2024-05-20
3015,754,3,3,2024-08-25
3016,754,4,4,2024-11-10
3017,755,1,8,2024-03-15
3018,755,2,8,2024-05-20
3019,755,3,12,2024-08-25
3020,755,4,6,2024-11-10
3021,756,1,6,2024-03-15
3022,756,2,4,2024-05-20
3023,756,3,7,2024-08-25
3024,756,4,11,2024-11-10
3025,757,1,11,2024-03-15
3026,757,2,8,2024-05-20
3027,757,3,13,2024-08-25
3028,757,4,10,2024-11-10
3029,758,1,8,2024-03-15
3030,758,2,12,2024-05-20
3031,758,3,12,2024-08-25
3032,758,4,8,2024-11-10
3033,759,1,0,2024-03-15
3034,759,2,1,2024-05-20
3035,759,3,4,2024-08-25
3036,759,4,4,2024-11-10
3037,760,1,7,2024-03-15
3038,760,2,14,2024-05-20
3039,760,3,9,2024-08-25
3040,760,4,14,2024-11-10
3041,761,1,4,2024-03-15
3042,761,2,0,2024-05-20
3043,761,3,5,2024-08-25
3044,761,4,1,2024-11-10
3045,762,1,10,2024-03-15
3046,762,2,10,2024-05-20
3047,762,3,15,2024-08-25
3048,762,4,5,2024-11-10
3049,763,1,10,2024-03-15
3050,763,2,9,2024-05-20
3051,763,3,1,2024-08-25
3052,763,4,5,2024-11-10
3053,764,1,3,2024-03-15
3054,764,2,6,2024-05-20
3055,764,3,8,2024-08-25
3056,764,4,4,2024-11-10
3057,765,1,0,2024-03-15
3058,765,2,1,2024-05-20
3059,765,3,0,2024-08-25
3060,765,4,3,2024-11-10
3061,766,1,2,2024-03-15
3062,766,2,1,2024-05-20
3063,766,3,3,2024-08-25
3064,766,4,0,2024-11-10
3065,767,1,7,2024-03-15
3066,767,2,0,2024-05-20
3067,767,3,5,2024-08-25
3068,767,4,1,2024-11-10
3069,768,1,12,2024-03-15
3070,768,2,16,2024-05-20
3071,768,3,13,2024-08-25
3072,768,4,12,2024-11-10
3073,769,1,1,2024-03-15
3074,769,2,2,2024-05-20
3075,769,3,4,2024-08-25
3076,769,4,3,2024-11-10
3077,770,1,15,2024-03-15
3078,770,2,15,2024-05-20
3079,770,3,14,2024-08-25
3080,770,4,16,2024-11-10
3081,771,1,8,2024-03-15
3082,771,2,6,2024-05-20
3083,771,3,4,2024-08-25
3084,771,4,4,2024-11-10
3085,772,1,8,2024-03-15
3086,772,2,6,2024-05-20
3087,772,3,13,2024-08-25
3088,772,4,5,2024-11-10
3089,773,1,9,2024-03-15
3090,773,2,9,2024-05-20
3091,773,3,14,2024-08-25
3092,773,4,15,2024-11-10
3093,774,1,11,2024-03-15
3094,774,2,14,2024-05-20
3095,774,3,10,2024-08-25
3096,774,4,8,2024-11-10
3097,775,1,8,2024-03-15
3098,775,2,0,2024-05-20
3099,775,3,8,2024-08-25
3100,775,4,10,2024-11-10
3101,776,1,4,2024-03-15
3102,776,2,0,2024-05-20
3103,776,3,4,2024-08-25
3104,776,4,2,2024-11-10
3105,777,1,15,2024-03-15
3106,777,2,15,2024-05-20
3107,777,3,12,2024-08-25
3108,777,4,16,2024-11-10
3109,778,1,9,2024-03-15
3110,778,2,12,2024-05-20
3111,778,3,7,2024-08-25
3112,778,4,2,2024-11-10
3113,779,1,15,2024-03-15
3114,779,2,16,2024-05-20
3115,779,3,15,2024-08-25
3116,779,4,11,2024-11-10
3117,780,1,9,2024-03-15
3118,780,2,12,2024-05-20
3119,780,3,10,2024-08-25
3120,780,4,14,2024-11-10
3121,781,1,4,2024-03-15
3122,781,2,9,2024-05-20
3123,781,3,7,2024-08-25
3124,781,4,0,2024-11-10
3125,782,1,5,2024-03-15
3126,782,2,9,2024-05-20
3127,782,3,7,2024-08-25
3128,782,4,5,2024-11-10
3129,783,1,0,2024-03-15
3130,783,2,0,2024-05-20
3131,783,3,0,2024-08-25
3132,783,4,0,2024-11-10
3133,784,1,10,2024-03-15
3134,784,2,12,2024-05-20
3135,784,3,8,2024-08-25
3136,784,4,11,2024-11-10
3137,785,1,10,2024-03-15
3138,785,2,8,2024-05-20
3139,785,3,12,2024-08-25
3140,785,4,6,2024-11-10
3141,786,1,0,2024-03-15
3142,786,2,0,2024-05-20
3143,786,3,0,2024-08-25
3144,786,4,0,2024-11-10
3145,787,1,6,2024-03-15
3146,787,2,9,2024-05-20
3147,787,3,5,2024-08-25
3148,787,4,7,2024-11-10
3149,788,1,3,2024-03-15
3150,788,2,0,2024-05-20
3151,788,3,4,2024-08-25
3152,788,4,0,2024-11-10
3153,789,1,11,2024-03-15
3154,789,2,17,2024-05-20
3155,789,3,13,2024-08-25
3156,789,4,14,2024-11-10
3157,790,1,12,2024-03-15
3158,790,2,6,2024-05-20
3159,790,3,12,2024-08-25
3160,790,4,11,2024-11-10
3161,791,1,12,2024-03-15
3162,791,2,9,2024-05-20
3163,791,3,17,2024-08-25
3164,791,4,10,2024-11-10
3165,792,1,8,2024-03-15
3166,792,2,4,2024-05-20
3167,792,3,7,2024-08-25
3168,792,4,9,2024-11-10
3169,793,1,10,2024-03-15
3170,793,2,12,2024-05-20
3171,793,3,11,2024-08-25
3172,793,4,10,2024-11-10
3173,794,1,1,2024-03-15
3174,794,2,12,2024-05-20
3175,794,3,0,2024-08-25
3176,794,4,6,2024-11-10
3177,795,1,16,2024-03-15
3178,795,2,8,2024-05-20
3179,795,3,13,2024-08-25
3180,795,4,5,2024-11-10
3181,796,1,3,2024-03-15
3182,796,2,10,2024-05-20
3183,796,3,4,2024-08-25
3184,796,4,10,2024-11-10
3185,797,1,3,2024-03-15
3186,797,2,0,2024-05-20
3187,797,3,1,2024-08-25
3188,797,4,2,2024-11-10
3189,798,1,14,2024-03-15
3190,798,2,7,2024-05-20
3191,798,3,18,2024-08-25
3192,798,4,10,2024-11-10
3193,799,1,12,2024-03-15
3194,799,2,3,2024-05-20
3195,799,3,5,2024-08-25
3196,799,4,10,2024-11-10
3197,800,1,11,2024-03-15
3198,800,2,9,2024-05-20
3199,800,3,9,2024-08-25
3200,800,4,7,2024-11-10
3201,801,1,2,2024-03-15
3202,801,2,0,2024-05-20
3203,801,3,1,2024-08-25
3204,801,4,0,2024-11-10
3205,802,1,9,2024-03-15
3206,802,2,13,2024-05-20
3207,802,3,11,2024-08-25
3208,802,4,13,2024-11-10
3209,803,1,0,2024-03-15
3210,803,2,3,2024-05-20
3211,803,3,0,2024-08-25
3212,803,4,7,2024-11-10
3213,804,1,9,2024-03-15
3214,804,2,8,2024-05-20
3215,804,3,8,2024-08-25
3216,804,4,12,2024-11-10
3217,805,1,1,2024-03-15
3218,805,2,0,2024-05-20
3219,805,3,0,2024-08-25
3220,805,4,0,2024-11-10
3221,806,1,9,2024-03-15
3222,806,2,11,2024-05-20
3223,806,3,17,2024-08-25
3224,806,4,10,2024-11-10
3225,807,1,4,2024-03-15
3226,807,2,6,2024-05-20
3227,807,3,0,2024-08-25
3228,807,4,0,2024-11-10
3229,808,1,2,2024-03-15
3230,808,2,3,2024-05-20
3231,808,3,6,2024-08-25
3232,808,4,0,2024-11-10
3233,809,1,1,2024-03-15
3234,809,2,0,2024-05-20
3235,809,3,1,2024-08-25
3236,809,4,0,2024-11-10
3237,810,1,4,2024-03-15
3238,810,2,8,2024-05-20
3239,810,3,2,2024-08-25
3240,810,4,4,2024-11-10
3241,811,1,5,2024-03-15
3242,811,2,3,2024-05-20
3243,811,3,3,2024-08-25
3244,811,4,3,2024-11-10
3245,812,1,5,2024-03-15
3246,812,2,3,2024-05-20
3247,812,3,1,2024-08-25
3248,812,4,3,2024-11-10
3249,813,1,14,2024-03-15
3250,813,2,12,2024-05-20
3251,813,3,10,2024-08-25
3252,813,4,8,2024-11-10
3253,814,1,4,2024-03-15
3254,814,2,9,2024-05-20
3255,814,3,5,2024-08-25
3256,814,4,7,2024-11-10
3257,815,1,3,2024-03-15
3258,815,2,6,2024-05-20
3259,815,3,0,2024-08-25
3260,815,4,1,2024-11-10
3261,816,1,13,2024-03-15
3262,816,2,20,2024-05-20
3263,816,3,11,2024-08-25
3264,816,4,16,2024-11-10
3265,817,1,6,2024-03-15
3266,817,2,9,2024-05-20
3267,817,3,4,2024-08-25
3268,817,4,6,2024-11-10
3269,818,1,2,2024-03-15
3270,818,2,2,2024-05-20
3271,818,3,0,2024-08-25
3272,818,4,0,2024-11-10
3273,819,1,10,2024-03-15
3274,819,2,14,2024-05-20
3275,819,3,5,2024-08-25
3276,819,4,6,2024-11-10
3277,820,1,16,2024-03-15
3278,820,2,9,2024-05-20
3279,820,3,13,2024-08-25
3280,820,4,15,2024-11-10
3281,821,1,3,2024-03-15
3282,821,2,5,2024-05-20
3283,821,3,0,2024-08-25
3284,821,4,0,2024-11-10
3285,822,1,12,2024-03-15
3286,822,2,12,2024-05-20
3287,822,3,19,2024-08-25
3288,822,4,4,2024-11-10
3289,823,1,5,2024-03-15
3290,823,2,2,2024-05-20
3291,823,3,6,2024-08-25
3292,823,4,0,2024-11-10
3293,824,1,10,2024-03-15
3294,824,2,10,2024-05-20
3295,824,3,8,2024-08-25
3296,824,4,9,2024-11-10
3297,825,1,5,2024-03-15
3298,825,2,2,2024-05-20
3299,825,3,2,2024-08-25
3300,825,4,2,2024-11-10
3301,826,1,14,2024-03-15
3302,826,2,11,2024-05-20
3303,826,3,5,2024-08-25
3304,826,4,12,2024-11-10
3305,827,1,14,2024-03-15
3306,827,2,13,2024-05-20
3307,827,3,13,2024-08-25
3308,827,4,10,2024-11-10
3309,828,1,10,2024-03-15
3310,828,2,6,2024-05-20
3311,828,3,9,2024-08-25
3312,828,4,5,2024-11-10
3313,829,1,4,2024-03-15
3314,829,2,8,2024-05-20
3315,829,3,3,2024-08-25
3316,829,4,4,2024-11-10
3317,830,1,6,2024-03-15
3318,830,2,9,2024-05-20
3319,830,3,8,2024-08-25
3320,830,4,4,2024-11-10
3321,831,1,10,2024-03-15
3322,831,2,3,2024-05-20
3323,831,3,2,2024-08-25
3324,831,4,7,2024-11-10
3325,832,1,5,2024-03-15
3326,832,2,1,2024-05-20
3327,832,3,0,2024-08-25
3328,832,4,3,2024-11-10
3329,833,1,4,2024-03-15
3330,833,2,6,2024-05-20
3331,833,3,3,2024-08-25
3332,833,4,8,2024-11-10
3333,834,1,8,2024-03-15
3334,834,2,9,2024-05-20
3335,834,3,7,2024-08-25
3336,834,4,11,2024-11-10
3337,835,1,3,2024-03-15
3338,835,2,4,2024-05-20
3339,835,3,9,2024-08-25
3340,835,4,9,2024-11-10
3341,836,1,9,2024-03-15
3342,836,2,6,2024-05-20
3343,836,3,1,2024-08-25
3344,836,4,4,2024-11-10
3345,837,1,0,2024-03-15
3346,837,2,6,2024-05-20
3347,837,3,3,2024-08-25
3348,837,4,10,2024-11-10
3349,838,1,12,2024-03-15
3350,838,2,6,2024-05-20
3351,838,3,8,2024-08-25
3352,838,4,8,2024-11-10
3353,839,1,16,2024-03-15
3354,839,2,13,2024-05-20
3355,839,3,13,2024-08-25
3356,839,4,12,2024-11-10
3357,840,1,10,2024-03-15
3358,840,2,7,2024-05-20
3359,840,3,1,2024-08-25
3360,840,4,6,2024-11-10
3361,841,1,10,2024-03-15
3362,841,2,10,2024-05-20
3363,841,3,6,2024-08-25
3364,841,4,9,2024-11-10
3365,842,1,17,2024-03-15
3366,842,2,14,2024-05-20
3367,842,3,14,2024-08-25
3368,842,4,15,2024-11-10
3369,843,1,5,2024-03-15
3370,843,2,10,2024-05-20
3371,843,3,10,2024-08-25
3372,843,4,12,2024-11-10
3373,844,1,0,2024-03-15
3374,844,2,0,2024-05-20
3375,844,3,0,2024-08-25
3376,844,4,2,2024-11-10
3377,845,1,0,2024-03-15
3378,845,2,6,2024-05-20
3379,845,3,6,2024-08-25
3380,845,4,2,2024-11-10
3381,846,1,7,2024-03-15
3382,846,2,11,2024-05-20
3383,846,3,13,2024-08-25
3384,846,4,10,2024-11-10
3385,847,1,7,2024-03-15
3386,847,2,10,2024-05-20
3387,847,3,9,2024-08-25
3388,847,4,7,2024-11-10
3389,848,1,7,2024-03-15
3390,848,2,10,2024-05-20
3391,848,3,7,2024-08-25
3392,848,4,8,2024-11-10
3393,849,1,7,2024-03-15
3394,849,2,12,2024-05-20
3395,849,3,7,2024-08-25
3396,849,4,5,2024-11-10
3397,850,1,12,2024-03-15
3398,850,2,12,2024-05-20
3399,850,3,15,2024-08-25
3400,850,4,11,2024-11-10
3401,851,1,2,2024-03-15
3402,851,2,6,2024-05-20
3403,851,3,4,2024-08-25
3404,851,4,1,2024-11-10
3405,852,1,0,2024-03-15
3406,852,2,3,2024-05-20
3407,852,3,0,2024-08-25
3408,852,4,0,2024-11-10
3409,853,1,12,2024-03-15
3410,853,2,13,2024-05-20
3411,853,3,12,2024-08-25
3412,853,4,17,2024-11-10
3413,854,1,12,2024-03-15
3414,854,2,8,2024-05-20
3415,854,3,9,2024-08-25
3416,854,4,8,2024-11-10
3417,855,1,9,2024-03-15
3418,855,2,8,2024-05-20
3419,855,3,6,2024-08-25
3420,855,4,10,2024-11-10
3421,856,1,2,2024-03-15
3422,856,2,7,2024-05-20
3423,856,3,0,2024-08-25
3424,856,4,4,2024-11-10
3425,857,1,12,2024-03-15
3426,857,2,13,2024-05-20
3427,857,3,13,2024-08-25
3428,857,4,13,2024-11-10
3429,858,1,0,2024-03-15
3430,858,2,0,2024-05-20
3431,858,3,3,2024-08-25
3432,858,4,3,2024-11-10
3433,859,1,0,2024-03-15
3434,859,2,4,2024-05-20
3435,859,3,0,2024-08-25
3436,859,4,3,2024-11-10
3437,860,1,3,2024-03-15
3438,860,2,0,2024-05-20
3439,860,3,3,2024-08-25
3440,860,4,2,2024-11-10
3441,861,1,11,2024-03-15
3442,861,2,11,2024-05-20
3443,861,3,11,2024-08-25
3444,861,4,10,2024-11-10
3445,862,1,4,2024-03-15
3446,862,2,4,2024-05-20
3447,862,3,8,2024-08-25
3448,862,4,2,2024-11-10
3449,863,1,6,2024-03-15
3450,863,2,1,2024-05-20
3451,863,3,9,2024-08-25
3452,863,4,12,2024-11-10
3453,864,1,6,2024-03-15
3454,864,2,11,2024-05-20
3455,864,3,11,2024-08-25
3456,864,4,11,2024-11-10
3457,865,1,9,2024-03-15
3458,865,2,9,2024-05-20
3459,865,3,5,2024-08-25
3460,865,4,7,2024-11-10
3461,866,1,7,2024-03-15
3462,866,2,5,2024-05-20
3463,866,3,9,2024-08-25
3464,866,4,7,2024-11-10
3465,867,1,9,2024-03-15
3466,867,2,4,2024-05-20
3467,867,3,6,2024-08-25
3468,867,4,13,2024-11-10
3469,868,1,6,2024-03-15
3470,868,2,5,2024-05-20
3471,868,3,10,2024-08-25
3472,868,4,7,2024-11-10
3473,869,1,1,2024-03-15
3474,869,2,0,2024-05-20
3475,869,3,10,2024-08-25
3476,869,4,4,2024-11-10
3477,870,1,2,2024-03-15
3478,870,2,2,2024-05-20
3479,870,3,0,2024-08-25
3480,870,4,2,2024-11-10
3481,871,1,11,2024-03-15
3482,871,2,14,2024-05-20
3483,871,3,16,2024-08-25
3484,871,4,13,2024-11-10
3485,872,1,6,2024-03-15
3486,872,2,3,2024-05-20
3487,872,3,0,2024-08-25
3488,872,4,1,2024-11-10
3489,873,1,11,2024-03-15
3490,873,2,9,2024-05-20
3491,873,3,13,2024-08-25
3492,873,4,6,2024-11-10
3493,874,1,0,2024-03-15
3494,874,2,7,2024-05-20
3495,874,3,3,2024-08-25
3496,874,4,3,2024-11-10
3497,875,1,12,2024-03-15
3498,875,2,12,2024-05-20
3499,875,3,11,2024-08-25
3500,875,4,9,2024-11-10
3501,876,1,0,2024-03-15
3502,876,2,1,2024-05-20
3503,876,3,1,2024-08-25
3504,876,4,0,2024-11-10
3505,877,1,0,2024-03-15
3506,877,2,6,2024-05-20
3507,877,3,7,2024-08-25
3508,877,4,0,2024-11-10
3509,878,1,15,2024-03-15
3510,878,2,14,2024-05-20
3511,878,3,13,2024-08-25
3512,878,4,11,2024-11-10
3513,879,1,0,2024-03-15
3514,879,2,0,2024-05-20
3515,879,3,0,2024-08-25
3516,879,4,0,2024-11-10
3517,880,1,11,2024-03-15
3518,880,2,5,2024-05-20
3519,880,3,7,2024-08-25
3520,880,4,8,2024-11-10
3521,881,1,1,2024-03-15
3522,881,2,8,2024-05-20
3523,881,3,5,2024-08-25
3524,881,4,8,2024-11-10
3525,882,1,3,2024-03-15
3526,882,2,3,2024-05-20
3527,882,3,2,2024-08-25
3528,882,4,0,2024-11-10
3529,883,1,6,2024-03-15
3530,883,2,8,2024-05-20
3531,883,3,10,2024-08-25
3532,883,4,13,2024-11-10
3533,884,1,12,2024-03-15
3534,884,2,9,2024-05-20
3535,884,3,11,2024-08-25
3536,884,4,7,2024-11-10
3537,885,1,3,2024-03-15
3538,885,2,7,2024-05-20
3539,885,3,10,2024-08-25
3540,885,4,8,2024-11-10
3541,886,1,2,2024-03-15
3542,886,2,8,2024-05-20
3543,886,3,10,2024-08-25
3544,886,4,5,2024-11-10
3545,887,1,6,2024-03-15
3546,887,2,3,2024-05-20
3547,887,3,4,2024-08-25
3548,887,4,3,2024-11-10
3549,888,1,2,2024-03-15
3550,888,2,3,2024-05-20
3551,888,3,12,2024-08-25
3552,888,4,6,2024-11-10
3553,889,1,18,2024-03-15
3554,889,2,14,2024-05-20
3555,889,3,13,2024-08-25
3556,889,4,9,2024-11-10
3557,890,1,3,2024-03-15
3558,890,2,0,2024-05-20
3559,890,3,3,2024-08-25
3560,890,4,0,2024-11-10
3561,891,1,4,2024-03-15
3562,891,2,8,2024-05-20
3563,891,3,6,2024-08-25
3564,891,4,10,2024-11-10
3565,892,1,6,2024-03-15
3566,892,2,3,2024-05-20
3567,892,3,6,2024-08-25
3568,892,4,0,2024-11-10
3569,893,1,10,2024-03-15
3570,893,2,7,2024-05-20
3571,893,3,18,2024-08-25
3572,893,4,12,2024-11-10
3573,894,1,11,2024-03-15
3574,894,2,15,2024-05-20
3575,894,3,11,2024-08-25
3576,894,4,15,2024-11-10
3577,895,1,8,2024-03-15
3578,895,2,4,2024-05-20
3579,895,3,2,2024-08-25
3580,895,4,5,2024-11-10
3581,896,1,10,2024-03-15
3582,896,2,14,2024-05-20
3583,896,3,11,2024-08-25
3584,896,4,8,2024-11-10
3585,897,1,1,2024-03-15
3586,897,2,8,2024-05-20
3587,897,3,2,2024-08-25
3588,897,4,9,2024-11-10
3589,898,1,5,2024-03-15
3590,898,2,0,2024-05-20
3591,898,3,0,2024-08-25
3592,898,4,2,2024-11-10
3593,899,1,16,2024-03-15
3594,899,2,11,2024-05-20
3595,899,3,18,2024-08-25
3596,899,4,9,2024-11-10
3597,900,1,11,2024-03-15
3598,900,2,10,2024-05-20
3599,900,3,7,2024-08-25
3600,900,4,9,2024-11-10
3601,901,1,10,2024-03-15
3602,901,2,6,2024-05-20
3603,901,3,10,2024-08-25
3604,901,4,14,2024-11-10
3605,902,1,12,2024-03-15
3606,902,2,17,2024-05-20
3607,902,3,11,2024-08-25
3608,902,4,10,2024-11-10
3609,903,1,8,2024-03-15
3610,903,2,5,2024-05-20
3611,903,3,8,2024-08-25
3612,903,4,11,2024-11-10
3613,904,1,0,2024-03-15
3614,904,2,0,2024-05-20
3615,904,3,0,2024-08-25
3616,904,4,6,2024-11-10
3617,905,1,8,2024-03-15
3618,905,2,7,2024-05-20
3619,905,3,7,2024-08-25
3620,905,4,8,2024-11-10
3621,906,1,6,2024-03-15
3622,906,2,3,2024-05-20
3623,906,3,7,2024-08-25
3624,906,4,7,2024-11-10
3625,907,1,7,2024-03-15
3626,907,2,6,2024-05-20
3627,907,3,9,2024-08-25
3628,907,4,14,2024-11-10
3629,908,1,12,2024-03-15
3630,908,2,16,2024-05-20
3631,908,3,6,2024-08-25
3632,908,4,12,2024-11-10
3633,909,1,13,2024-03-15
3634,909,2,14,2024-05-20
3635,909,3,15,2024-08-25
3636,909,4,10,2024-11-10
3637,910,1,13,2024-03-15
3638,910,2,9,2024-05-20
3639,910,3,9,2024-08-25
3640,910,4,8,2024-11-10
3641,911,1,10,2024-03-15
3642,911,2,10,2024-05-20
3643,911,3,8,2024-08-25
3644,911,4,7,2024-11-10
3645,912,1,3,2024-03-15
3646,912,2,3,2024-05-20
3647,912,3,0,2024-08-25
3648,912,4,1,2024-11-10
3649,913,1,12,2024-03-15
3650,913,2,12,2024-05-20
3651,913,3,6,2024-08-25
3652,913,4,6,2024-11-10
3653,914,1,12,2024-03-15
3654,914,2,11,2024-05-20
3655,914,3,16,2024-08-25
3656,914,4,14,2024-11-10
3657,915,1,8,2024-03-15
3658,915,2,8,2024-05-20
3659,915,3,4,2024-08-25
3660,915,4,7,2024-11-10
3661,916,1,2,2024-03-15
3662,916,2,1,2024-05-20
3663,916,3,0,2024-08-25
3664,916,4,0,2024-11-10
3665,917,1,18,2024-03-15
3666,917,2,16,2024-05-20
3667,917,3,13,2024-08-25
3668,917,4,12,2024-11-10
3669,918,1,10,2024-03-15
3670,918,2,9,2024-05-20
3671,918,3,12,2024-08-25
3672,918,4,11,2024-11-10
3673,919,1,16,2024-03-15
3674,919,2,12,2024-05-20
3675,919,3,14,2024-08-25
3676,919,4,10,2024-11-10
3677,920,1,20,2024-03-15
3678,920,2,18,2024-05-20
3679,920,3,18,2024-08-25
3680,920,4,15,2024-11-10
3681,921,1,20,2024-03-15
3682,921,2,11,2024-05-20
3683,921,3,11,2024-08-25
3684,921,4,15,2024-11-10
3685,922,1,3,2024-03-15
3686,922,2,0,2024-05-20
3687,922,3,5,2024-08-25
3688,922,4,8,2024-11-10
3689,923,1,14,2024-03-15
3690,923,2,11,2024-05-20
3691,923,3,19,2024-08-25
3692,923,4,13,2024-11-10
3693,924,1,7,2024-03-15
3694,924,2,0,2024-05-20
3695,924,3,2,2024-08-25
3696,924,4,6,2024-11-10
3697,925,1,10,2024-03-15
3698,925,2,2,2024-05-20
3699,925,3,11,2024-08-25
3700,925,4,8,2024-11-10
3701,926,1,0,2024-03-15
3702,926,2,6,2024-05-20
3703,926,3,3,2024-08-25
3704,926,4,1,2024-11-10
3705,927,1,1,2024-03-15
3706,927,2,0,2024-05-20
3707,927,3,0,2024-08-25
3708,927,4,0,2024-11-10
3709,928,1,1,2024-03-15
3710,928,2,4,2024-05-20
3711,928,3,1,2024-08-25
3712,928,4,0,2024-11-10
3713,929,1,12,2024-03-15
3714,929,2,6,2024-05-20
3715,929,3,13,2024-08-25
3716,929,4,11,2024-11-10
3717,930,1,4,2024-03-15
3718,930,2,7,2024-05-20
3719,930,3,4,2024-08-25
3720,930,4,5,2024-11-10
3721,931,1,12,2024-03-15
3722,931,2,16,2024-05-20
3723,931,3,13,2024-08-25
3724,931,4,6,2024-11-10
3725,932,1,9,2024-03-15
3726,932,2,7,2024-05-20
3727,932,3,7,2024-08-25
3728,932,4,10,2024-11-10
3729,933,1,3,2024-03-15
3730,933,2,0,2024-05-20
3731,933,3,0,2024-08-25
3732,933,4,3,2024-11-10
3733,934,1,3,2024-03-15
3734,934,2,6,2024-05-20
3735,934,3,11,2024-08-25
3736,934,4,8,2024-11-10
3737,935,1,3,2024-03-15
3738,935,2,9,2024-05-20
3739,935,3,9,2024-08-25
3740,935,4,0,2024-11-10
3741,936,1,3,2024-03-15
3742,936,2,2,2024-05-20
3743,936,3,2,2024-08-25
3744,936,4,1,2024-11-10
3745,937,1,0,2024-03-15
3746,937,2,5,2024-05-20
3747,937,3,3,2024-08-25
3748,937,4,1,2024-11-10
3749,938,1,0,2024-03-15
3750,938,2,0,2024-05-20
3751,938,3,0,2024-08-25
3752,938,4,0,2024-11-10
3753,939,1,1,2024-03-15
3754,939,2,0,2024-05-20
3755,939,3,0,2024-08-25
3756,939,4,2,2024-11-10
3757,940,1,6,2024-03-15
3758,940,2,11,2024-05-20
3759,940,3,14,2024-08-25
3760,940,4,16,2024-11-10
3761,941,1,9,2024-03-15
3762,941,2,14,2024-05-20
3763,941,3,12,2024-08-25
3764,941,4,8,2024-11-10
3765,942,1,9,2024-03-15
3766,942,2,13,2024-05-20
3767,942,3,4,2024-08-25
3768,942,4,6,2024-11-10
3769,943,1,11,2024-03-15
3770,943,2,3,2024-05-20
3771,943,3,6,2024-08-25
3772,943,4,9,2024-11-10
3773,944,1,11,2024-03-15
3774,944,2,9,2024-05-20
3775,944,3,8,2024-08-25
3776,944,4,6,2024-11-10
3777,945,1,6,2024-03-15
3778,945,2,7,2024-05-20
3779,945,3,10,2024-08-25
3780,945,4,3,2024-11-10
3781,946,1,0,2024-03-15
3782,946,2,7,2024-05-20
3783,946,3,0,2024-08-25
3784,946,4,1,2024-11-10
3785,947,1,7,2024-03-15
3786,947,2,22,2024-05-20
3787,947,3,7,2024-08-25
3788,947,4,9,2024-11-10
3789,948,1,0,2024-03-15
3790,948,2,5,2024-05-20
3791,948,3,6,2024-08-25
3792,948,4,3,2024-11-10
3793,949,1,3,2024-03-15
3794,949,2,0,2024-05-20
3795,949,3,3,2024-08-25
3796,949,4,0,2024-11-10
3797,950,1,17,2024-03-15
3798,950,2,16,2024-05-20
3799,950,3,13,2024-08-25
3800,950,4,21,2024-11-10
3801,951,1,3,2024-03-15
3802,951,2,0,2024-05-20
3803,951,3,2,2024-08-25
3804,951,4,5,2024-11-10
3805,952,1,0,2024-03-15
3806,952,2,2,2024-05-20
3807,952,3,3,2024-08-25
3808,952,4,1,2024-11-10
3809,953,1,7,2024-03-15
3810,953,2,5,2024-05-20
3811,953,3,10,2024-08-25
3812,953,4,5,2024-11-10
3813,954,1,12,2024-03-15
3814,954,2,15,2024-05-20
3815,954,3,11,2024-08-25
3816,954,4,10,2024-11-10
3817,955,1,12,2024-03-15
3818,955,2,12,2024-05-20
3819,955,3,9,2024-08-25
3820,955,4,7,2024-11-10
3821,956,1,8,2024-03-15
3822,956,2,8,2024-05-20
3823,956,3,10,2024-08-25
3824,956,4,3,2024-11-10
3825,957,1,15,2024-03-15
3826,957,2,12,2024-05-20
3827,957,3,14,2024-08-25
3828,957,4,11,2024-11-10
3829,958,1,15,2024-03-15
3830,958,2,14,2024-05-20
3831,958,3,11,2024-08-25
3832,958,4,10,2024-11-10
3833,959,1,3,2024-03-15
3834,959,2,0,2024-05-20
3835,959,3,3,2024-08-25
3836,959,4,1,2024-11-10
3837,960,1,8,2024-03-15
3838,960,2,16,2024-05-20
3839,960,3,15,2024-08-25
3840,960,4,12,2024-11-10
3841,961,1,5,2024-03-15
3842,961,2,0,2024-05-20
3843,961,3,1,2024-08-25
3844,961,4,1,2024-11-10
3845,962,1,3,2024-03-15
3846,962,2,0,2024-05-20
3847,962,3,3,2024-08-25
3848,962,4,0,2024-11-10
3849,963,1,0,2024-03-15
3850,963,2,3,2024-05-20
3851,963,3,2,2024-08-25
3852,963,4,0,2024-11-10
3853,964,1,8,2024-03-15
3854,964,2,8,2024-05-20
3855,964,3,10,2024-08-25
3856,964,4,7,2024-11-10
3857,965,1,16,2024-03-15
3858,965,2,18,2024-05-20
3859,965,3,12,2024-08-25
3860,965,4,15,2024-11-10
3861,966,1,13,2024-03-15
3862,966,2,20,2024-05-20
3863,966,3,9,2024-08-25
3864,966,4,15,2024-11-10
3865,967,1,11,2024-03-15
3866,967,2,9,2024-05-20
3867,967,3,9,2024-08-25
3868,967,4,8,2024-11-10
3869,968,1,3,2024-03-15
3870,968,2,0,2024-05-20
3871,968,3,5,2024-08-25
3872,968,4,1,2024-11-10
3873,969,1,0,2024-03-15
3874,969,2,1,2024-05-20
3875,969,3,0,2024-08-25
3876,969,4,0,2024-11-10
3877,970,1,0,2024-03-15
3878,970,2,3,2024-05-20
3879,970,3,0,2024-08-25
3880,970,4,0,2024-11-10
3881,971,1,6,2024-03-15
3882,971,2,9,2024-05-20
3883,971,3,12,2024-08-25
3884,971,4,9,2024-11-10
3885,972,1,9,2024-03-15
3886,972,2,9,2024-05-20
3887,972,3,13,2024-08-25
3888,972,4,12,2024-11-10
3889,973,1,10,2024-03-15
3890,973,2,10,2024-05-20
3891,973,3,5,2024-08-25
3892,973,4,9,2024-11-10
3893,974,1,14,2024-03-15
3894,974,2,18,2024-05-20
3895,974,3,4,2024-08-25
3896,974,4,10,2024-11-10
3897,975,1,9,2024-03-15
3898,975,2,3,2024-05-20
3899,975,3,8,2024-08-25
3900,975,4,5,2024-11-10
3901,976,1,9,2024-03-15
3902,976,2,13,2024-05-20
3903,976,3,13,2024-08-25
3904,976,4,11,2024-11-10
3905,977,1,1,2024-03-15
3906,977,2,6,2024-05-20
3907,977,3,0,2024-08-25
3908,977,4,6,2024-11-10
3909,978,1,13,2024-03-15
3910,978,2,17,2024-05-20
3911,978,3,12,2024-08-25
3912,978,4,14,2024-11-10
3913,979,1,2,2024-03-15
3914,979,2,5,2024-05-20
3915,979,3,3,2024-08-25
3916,979,4,4,2024-11-10
3917,980,1,8,2024-03-15
3918,980,2,12,2024-05-20
3919,980,3,5,2024-08-25
3920,980,4,6,2024-11-10
3921,981,1,9,2024-03-15
3922,981,2,7,2024-05-20
3923,981,3,8,2024-08-25
3924,981,4,7,2024-11-10
3925,982,1,1,2024-03-15
3926,982,2,3,2024-05-20
3927,982,3,2,2024-08-25
3928,982,4,7,2024-11-10
3929,983,1,14,2024-03-15
3930,983,2,12,2024-05-20
3931,983,3,17,2024-08-25
3932,983,4,10,2024-11-10
3933,984,1,9,2024-03-15
3934,984,2,14,2024-05-20
3935,984,3,15,2024-08-25
3936,984,4,11,2024-11-10
3937,985,1,0,2024-03-15
3938,985,2,5,2024-05-20
3939,985,3,5,2024-08-25
3940,985,4,6,2024-11-10
3941,986,1,5,2024-03-15
3942,986,2,5,2024-05-20
3943,986,3,3,2024-08-25
3944,986,4,4,2024-11-10
3945,987,1,8,2024-03-15
3946,987,2,3,2024-05-20
3947,987,3,2,2024-08-25
3948,987,4,7,2024-11-10
3949,988,1,5,2024-03-15
3950,988,2,9,2024-05-20
3951,988,3,7,2024-08-25
3952,988,4,0,2024-11-10
3953,989,1,7,2024-03-15
3954,989,2,8,2024-05-20
3955,989,3,12,2024-08-25
3956,989,4,7,2024-11-10
3957,990,1,11,2024-03-15
3958,990,2,4,2024-05-20
3959,990,3,5,2024-08-25
3960,990,4,5,2024-11-10
3961,991,1,17,2024-03-15
3962,991,2,11,2024-05-20
3963,991,3,9,2024-08-25
3964,991,4,17,2024-11-10
3965,992,1,0,2024-03-15
3966,992,2,1,2024-05-20
3967,992,3,0,2024-08-25
3968,992,4,0,2024-11-10
3969,993,1,12,2024-03-15
3970,993,2,15,2024-05-20
3971,993,3,19,2024-08-25
3972,993,4,19,2024-11-10
3973,994,1,13,2024-03-15
3974,994,2,13,2024-05-20
3975,994,3,15,2024-08-25
3976,994,4,12,2024-11-10
3977,995,1,3,2024-03-15
3978,995,2,2,2024-05-20
3979,995,3,3,2024-08-25
3980,995,4,6,2024-11-10
3981,996,1,6,2024-03-15
3982,996,2,2,2024-05-20
3983,996,3,5,2024-08-25
3984,996,4,2,2024-11-10
3985,997,1,1,2024-03-15
3986,997,2,3,2024-05-20
3987,997,3,5,2024-08-25
3988,997,4,2,2024-11-10
3989,998,1,7,2024-03-15
3990,998,2,7,2024-05-20
3991,998,3,5,2024-08-25
3992,998,4,9,2024-11-10
3993,999,1,0,2024-03-15
3994,999,2,1,2024-05-20
3995,999,3,0,2024-08-25
3996,999,4,2,2024-11-10
3997,1000,1,7,2024-03-15
3998,1000,2,3,2024-05-20
3999,1000,3,4,2024-08-25
4000,1000,4,7,2024-11-10
